loci_name,Astro,Endo,GABA,Gluta,Micro,Oligo
chr1_3742742_3759944,B,B,B,B,B,B
chr1_6245958_6258969,A,B,B,B,B,B
chr1_8740008_8759916,B,B,B,B,B,B
chr1_9627926_9637875,A,B,B,B,A,B
chr1_9799472_9811359,A,B,B,B,A,A
chr1_11247744_11257616,A,B,B,B,B,B
chr1_13741888_13757922,A,B,B,B,B,B
chr1_16251322_16259969,A,B,B,B,B,B
chr1_18749330_18759924,B,B,B,B,B,B
chr1_20920666_20929358,A,B,B,B,B,B
chr1_21249750_21259997,A,B,B,B,B,B
chr1_21522568_21534512,B,B,B,A,B,B
chr1_21732182_21745770,B,B,B,A,B,B
chr1_23267987_23280937,A,B,B,A,B,B
chr1_23749258_23759965,A,B,B,A,B,B
chr1_23956510_23970234,A,B,B,A,B,B
chr1_24241577_24251162,A,B,B,A,B,B
chr1_26243246_26258573,B,B,B,B,B,B
chr1_28745389_28759969,B,B,B,B,B,B
chr1_31240000_31259970,B,B,B,B,B,B
chr1_33752697_33759841,A,B,B,B,A,A
chr1_35544821_35559274,A,B,A,A,A,B
chr1_36078200_36086443,A,B,A,A,A,A
chr1_36250053_36259834,A,B,A,A,A,A
chr1_37089878_37099665,A,B,A,A,A,A
chr1_38751230_38759983,A,B,A,A,B,A
chr1_39088828_39097732,A,B,A,A,B,B
chr1_39755508_39765433,A,A,A,A,A,A
chr1_41248518_41259654,A,B,B,B,B,B
chr1_42246693_42257028,A,B,B,B,B,B
chr1_43752097_43759984,A,B,B,B,B,B
chr1_45891172_45902631,B,B,B,B,A,B
chr1_46240257_46258868,A,B,B,B,B,B
chr1_48742008_48759934,B,B,B,B,B,B
chr1_51127686_51139192,B,B,B,B,B,A
chr1_51245791_51259984,B,B,B,B,B,A
chr1_51617094_51626197,A,B,B,B,B,B
chr1_52660757_52671458,B,B,B,B,A,A
chr1_53741172_53759401,A,B,B,B,A,A
chr1_54851243_54861152,A,B,A,A,A,A
chr1_55201402_55215684,A,B,A,A,A,A
chr1_55447113_55457262,A,B,A,A,A,A
chr1_55687134_55701766,A,B,A,A,A,A
chr1_56249440_56259359,B,B,B,A,A,A
chr1_57210738_57220688,A,B,B,A,A,A
chr1_57812315_57822455,A,B,A,A,B,A
chr1_58728402_58741716,A,A,A,A,A,A
chr1_58748240_58759993,A,B,A,A,A,A
chr1_60466332_60477970,A,B,A,A,A,A
chr1_60843345_60864283,A,B,A,A,A,A
chr1_61248987_61259872,A,B,A,B,B,A
chr1_62926942_62936078,A,B,A,B,A,A
chr1_63750959_63759951,A,B,A,A,A,A
chr1_66249881_66259968,A,B,A,B,B,A
chr1_68095605_68108350,B,B,A,B,B,A
chr1_68746941_68759836,B,B,A,B,B,A
chr1_68746515_68772592,B,B,A,B,B,A
chr1_71245650_71259896,B,B,A,B,B,B
chr1_72440283_72449504,A,B,A,B,B,A
chr1_72605139_72614561,A,A,A,B,A,A
chr1_73563551_73577005,A,B,A,A,B,B
chr1_73752727_73759940,A,B,A,A,B,A
chr1_75449502_75457894,A,B,A,A,A,A
chr1_75872625_75902726,A,B,A,A,B,A
chr1_76250495_76259949,A,B,A,A,B,A
chr1_78742309_78759905,A,A,B,B,A,A
chr1_79813394_79865230,A,B,B,B,A,A
chr1_81249200_81260001,B,B,A,B,B,A
chr1_81293798_81304532,B,B,B,B,B,A
chr1_82457893_82468622,B,B,B,B,B,B
chr1_83353943_83364452,B,B,B,B,B,B
chr1_83750651_83759990,A,B,B,B,A,B
chr1_84215850_84225005,A,B,B,B,A,B
chr1_86251615_86259910,A,B,A,A,A,A
chr1_87015429_87024900,A,B,A,A,A,A
chr1_88751593_88760001,A,B,A,A,A,A
chr1_89158367_89170247,A,A,A,A,A,A
chr1_91252155_91259954,A,B,A,A,A,A
chr1_91440930_91449063,A,B,A,A,A,A
chr1_93214077_93222463,A,B,A,A,A,A
chr1_93751121_93759937,A,B,B,A,A,A
chr1_96240019_96259995,B,B,B,B,B,B
chr1_97633611_97642780,A,B,B,B,A,B
chr1_98745311_98760001,B,B,B,B,B,B
chr1_101248871_101259983,B,B,B,B,B,B
chr1_103741531_103759981,B,B,B,B,B,B
chr1_105987707_105995776,B,B,B,B,A,A
chr1_106240015_106259957,A,B,B,B,A,A
chr1_108745867_108759994,B,B,B,B,B,B
chr1_111240218_111253426,B,B,B,B,B,B
chr1_113740891_113757232,B,A,B,B,B,B
chr1_115766612_115779633,B,A,B,B,B,B
chr1_116250169_116259977,B,A,B,B,B,B
chr1_118750066_118759907,A,A,B,A,B,B
chr1_119471355_119481522,A,A,B,A,A,A
chr1_120191274_120201880,B,A,A,A,A,B
chr1_121247615_121259941,B,A,A,A,A,B
chr1_121460250_121469870,B,A,A,A,A,B
chr1_123750219_123759979,B,A,A,A,B,B
chr1_124736446_124747237,B,A,A,A,B,B
chr1_126250878_126259942,B,A,A,A,B,A
chr1_128750597_128759944,B,A,A,A,A,A
chr1_131252406_131259945,A,A,A,A,A,A
chr1_133751779_133759866,A,A,A,A,A,A
chr1_136250702_136259796,A,A,A,A,A,A
chr1_137926055_137936989,B,A,A,B,A,A
chr1_138748824_138759892,B,A,B,B,A,B
chr1_140441329_140457002,B,A,B,B,B,B
chr1_141240021_141259694,B,A,B,B,B,B
chr1_143748174_143759944,B,A,B,B,A,B
chr1_143881449_143914699,B,A,B,B,A,B
chr1_146244995_146259798,B,A,B,B,B,B
chr1_148742728_148759962,B,A,B,B,B,B
chr1_149877107_149889559,B,A,B,B,A,B
chr1_151250489_151259792,B,A,B,B,A,B
chr1_152397430_152457381,A,A,A,A,A,A
chr1_153750518_153760001,A,A,A,A,A,A
chr1_155710577_155718754,A,A,A,A,A,A
chr1_156250350_156259990,A,A,A,A,A,A
chr1_158749876_158759890,A,A,A,A,B,B
chr1_161250971_161259832,A,A,B,A,A,A
chr1_161260068_161272207,A,A,B,B,B,A
chr1_162053394_162071084,A,A,B,B,A,A
chr1_162711666_162722465,A,A,B,B,A,A
chr1_163749198_163759985,A,A,B,B,B,B
chr1_166252450_166259984,B,A,B,A,A,B
chr1_167066758_167075483,B,A,B,A,B,B
chr1_167242835_167251732,B,A,B,A,A,B
chr1_168746891_168759978,A,A,B,A,B,B
chr1_169859809_169871944,B,A,B,A,B,B
chr1_171252098_171259935,A,A,A,A,A,A
chr1_171459412_171470356,A,A,B,A,A,B
chr1_171843208_171853077,B,A,B,A,A,B
chr1_173342272_173351084,B,A,B,B,A,B
chr1_173740354_173759447,B,A,B,B,A,B
chr1_176249889_176259984,B,A,B,B,B,B
chr1_178376209_178389306,B,A,A,A,A,A
chr1_178751149_178759535,B,A,A,A,A,B
chr1_179080127_179089384,A,A,A,A,A,A
chr1_181252104_181259996,A,A,A,A,A,A
chr1_182477230_182484987,A,A,A,A,A,A
chr1_183752279_183759997,A,A,A,A,A,A
chr1_186251982_186259848,A,A,A,A,B,B
chr1_186665592_186673783,B,A,A,A,B,B
chr1_187669688_187679262,B,A,A,A,B,B
chr1_188751447_188759965,B,A,A,A,B,B
chr1_189040928_189050246,A,A,A,A,B,A
chr1_189207390_189217329,A,A,A,A,B,B
chr1_189510684_189521211,A,A,A,A,B,B
chr1_189900300_189910420,A,A,A,A,A,A
chr1_191250765_191259922,A,A,A,A,A,A
chr1_193105714_193114935,A,A,A,A,A,B
chr1_193746900_193756237,A,A,A,A,A,B
chr2_3156187_3166922,B,A,B,A,B,B
chr2_3751359_3759973,B,A,B,A,A,B
chr2_4052881_4061655,A,A,A,A,A,B
chr2_5181586_5192683,B,A,A,A,A,B
chr2_6250329_6259980,B,A,B,A,A,B
chr2_8748765_8759968,B,A,B,A,B,B
chr2_11250804_11259903,B,A,B,B,B,B
chr2_11345065_11361468,B,A,B,B,A,B
chr2_13751945_13759994,B,A,B,B,B,B
chr2_14934135_14944278,B,A,B,B,B,B
chr2_16245284_16258423,B,B,B,B,A,B
chr2_16580141_16598642,B,B,B,B,A,B
chr2_17684770_17694568,B,A,B,B,A,B
chr2_18747502_18759877,B,A,B,B,A,B
chr2_19938554_19950067,B,B,B,A,B,B
chr2_21243779_21259994,B,A,B,A,B,B
chr2_21273895_21283391,B,A,B,A,B,B
chr2_21644733_21681564,B,B,B,A,B,B
chr2_23740105_23759944,B,B,B,A,B,B
chr2_25440503_25448101,A,A,A,A,A,A
chr2_26252946_26259918,A,A,A,A,A,A
chr2_27101227_27109054,A,A,A,A,A,A
chr2_28752943_28759972,A,A,A,A,A,A
chr2_30256711_30265608,A,A,A,A,A,A
chr2_31252409_31259981,A,A,A,A,A,A
chr2_32116196_32131328,A,A,A,A,A,A
chr2_33753135_33759986,A,A,A,A,A,A
chr2_36250446_36259966,B,A,B,A,A,B
chr2_37993435_38003133,A,A,A,A,A,B
chr2_38746330_38759999,B,A,A,A,A,B
chr2_41245713_41259982,B,B,B,B,B,B
chr2_41975609_41991016,B,B,B,B,B,B
chr2_43749191_43759999,B,B,B,B,B,B
chr2_43767034_43785852,B,B,B,B,B,B
chr2_44120257_44130942,B,B,B,B,B,B
chr2_44381405_44390929,B,B,B,B,B,B
chr2_46240668_46260001,B,B,B,B,B,B
chr2_48751035_48759974,B,A,B,B,B,B
chr2_49934268_49942791,B,B,B,B,B,B
chr2_51245337_51254883,B,B,B,B,B,B
chr2_53740198_53755895,B,B,B,B,B,B
chr2_56240120_56259993,B,B,B,B,B,B
chr2_58033850_58043928,B,B,B,B,B,B
chr2_58750848_58759998,B,A,B,B,B,B
chr2_59661328_59671792,B,A,B,B,B,B
chr2_61247437_61259803,B,A,B,B,B,B
chr2_62507193_62517233,B,B,B,B,B,B
chr2_62703176_62717167,B,B,B,B,B,B
chr2_63749904_63759976,B,B,B,B,B,B
chr2_66251807_66259998,B,B,B,B,B,B
chr2_68747146_68759071,B,B,B,B,B,B
chr2_70543072_70563072,A,A,A,A,B,B
chr2_70574035_70582661,A,A,A,A,B,B
chr2_71250786_71259961,A,A,A,A,A,A
chr2_73279227_73292008,A,A,A,A,A,A
chr2_73741710_73759607,A,A,A,A,B,B
chr2_74136673_74146376,A,B,A,A,B,B
chr2_75780722_75791983,A,A,B,A,A,B
chr2_76251505_76259935,B,A,B,B,B,B
chr2_77052286_77062010,B,A,B,B,B,B
chr2_77323934_77334696,B,A,B,B,B,B
chr2_78750479_78760001,B,B,B,B,B,B
chr2_81240010_81259840,B,B,B,B,B,B
chr2_83746826_83759988,B,A,B,B,B,B
chr2_83741006_83766137,B,A,B,B,B,B
chr2_84538638_84551810,B,A,B,B,B,B
chr2_84845448_84886200,B,A,B,B,B,B
chr2_85057051_85065646,B,A,B,B,B,B
chr2_85243976_85252721,B,A,B,B,B,B
chr2_86240145_86259611,B,B,B,B,B,B
chr2_88745912_88759928,B,B,B,B,B,B
chr2_91252917_91259969,A,A,A,A,A,A
chr2_91317451_91327706,A,A,A,A,A,A
chr2_93751220_93759953,A,A,A,A,A,A
chr2_96246868_96259931,B,B,B,B,B,B
chr2_97604628_97617275,B,B,B,B,B,B
chr2_98740004_98757539,B,B,B,B,B,B
chr2_101249598_101259587,B,B,B,B,B,B
chr2_103751425_103759975,A,A,A,B,A,A
chr2_106251060_106259937,B,B,B,B,B,B
chr2_108748599_108759861,B,B,B,B,B,B
chr2_110191256_110200731,B,B,B,B,B,B
chr2_111240147_111259892,B,B,B,B,B,B
chr2_113751386_113759989,B,B,B,B,B,A
chr2_116250631_116259985,B,B,B,B,B,A
chr2_118298228_118309443,A,B,A,B,A,A
chr2_118752499_118759998,A,A,A,A,A,A
chr2_120642920_120660445,A,A,A,A,A,A
chr2_121248932_121259438,A,A,A,A,A,A
chr2_122347872_122356095,A,A,A,B,A,A
chr2_122600801_122611020,A,A,A,B,A,A
chr2_123332550_123350310,A,B,B,B,B,A
chr2_123743442_123759904,A,B,B,B,B,A
chr2_124166739_124177225,A,B,B,B,B,A
chr2_126246588_126258472,A,B,A,B,B,A
chr2_127113501_127123339,A,A,A,A,A,A
chr2_128340827_128351934,A,A,A,A,A,A
chr2_128750991_128759998,A,A,A,A,A,A
chr2_128754452_128771073,A,A,A,A,A,A
chr2_129895275_129905319,A,B,A,A,A,A
chr2_130473324_130487972,A,A,A,A,A,A
chr2_131248767_131259960,A,A,A,A,A,A
chr2_131405025_131415339,A,A,A,A,A,A
chr2_132260877_132310241,A,A,A,A,A,A
chr2_133749992_133759943,B,B,B,B,B,A
chr2_135307187_135316302,A,A,B,B,B,A
chr2_135670388_135680581,A,A,B,B,B,A
chr2_136042239_136062239,B,B,B,B,B,A
chr2_136216119_136228187,B,B,B,B,B,A
chr2_136245363_136259983,B,B,B,B,B,A
chr2_138740408_138759884,B,B,B,B,B,B
chr2_139300502_139316775,B,B,B,B,B,B
chr2_141250211_141259298,B,B,B,B,B,B
chr2_143214057_143223333,B,B,B,A,B,A
chr2_143749403_143758174,B,B,B,B,B,A
chr2_143988214_143999067,B,B,A,A,A,A
chr2_146251979_146259974,A,B,B,B,B,A
chr2_147191386_147199771,A,B,B,B,B,A
chr2_148179152_148188089,B,B,B,B,B,A
chr2_148697243_148707421,B,B,B,B,B,A
chr2_148748934_148757148,B,B,B,B,B,A
chr2_152691489_152699963,A,A,A,A,A,A
chr2_153747223_153759953,A,A,A,A,A,A
chr2_153937071_153945810,A,A,A,A,A,A
chr2_156251423_156260001,A,A,A,A,A,A
chr2_158600767_158620767,A,A,A,A,A,A
chr2_158751950_158759976,A,A,A,A,A,A
chr2_160229926_160239060,A,B,A,A,A,A
chr2_161154495_161166867,A,B,A,A,B,A
chr2_161248666_161259994,A,B,A,A,B,A
chr2_161788031_161799654,A,B,A,A,B,A
chr2_162791843_162802673,A,B,A,A,B,A
chr2_163751411_163759697,A,A,A,A,A,A
chr2_166145663_166165663,A,A,A,A,A,A
chr2_166251421_166259885,A,A,A,A,A,A
chr2_168752377_168759992,A,A,A,A,A,A
chr2_169623013_169643013,A,A,B,A,B,A
chr2_171248495_171259880,A,B,B,A,B,A
chr2_172132642_172155589,A,B,B,A,B,A
chr2_172424300_172436124,A,B,B,A,A,A
chr2_172844150_172852688,A,B,B,A,B,A
chr2_173748299_173759982,A,A,B,A,A,A
chr2_178147161_178155385,A,B,A,A,B,A
chr2_178508102_178517909,A,B,A,A,A,A
chr2_178695618_178705173,A,B,A,A,A,A
chr2_178751849_178759991,A,B,A,A,A,A
chr2_180439020_180448010,A,A,A,A,A,A
chr2_181252282_181259985,A,A,A,A,A,A
chr3_3746347_3759974,B,unassigned,B,B,B,B
chr3_6243369_6259730,B,unassigned,B,B,B,B
chr3_8751505_8759980,A,unassigned,B,B,A,A
chr3_10133417_10144864,A,unassigned,B,B,A,B
chr3_11241549_11259771,B,unassigned,B,B,B,B
chr3_13749529_13759994,B,unassigned,B,B,B,B
chr3_14853512_14873512,B,unassigned,B,B,B,A
chr3_15099556_15111870,A,unassigned,B,B,B,A
chr3_16240408_16259968,B,unassigned,A,B,A,B
chr3_18751401_18759965,B,unassigned,B,B,B,B
chr3_19311364_19321409,A,unassigned,B,B,A,A
chr3_20011962_20023651,A,unassigned,A,B,A,A
chr3_21020840_21033409,A,unassigned,B,A,B,B
chr3_21240424_21257828,A,unassigned,A,A,A,B
chr3_23745628_23759971,B,unassigned,B,B,B,B
chr3_26249842_26259981,B,unassigned,A,A,B,B
chr3_26832401_26840727,B,unassigned,B,A,B,B
chr3_27215257_27225889,A,unassigned,A,A,A,A
chr3_27478273_27488068,A,unassigned,A,A,A,A
chr3_27677317_27686855,A,unassigned,A,A,A,A
chr3_28025606_28035696,A,unassigned,A,A,A,A
chr3_28749246_28759924,A,unassigned,A,A,B,A
chr3_31252162_31259967,A,unassigned,A,A,B,A
chr3_33382622_33393488,B,unassigned,A,A,B,A
chr3_33747224_33759220,B,unassigned,A,A,B,A
chr3_35084995_35103087,A,unassigned,A,A,B,A
chr3_35338860_35349337,A,unassigned,A,A,B,A
chr3_36240220_36259969,A,unassigned,A,A,B,B
chr3_37679282_37688669,A,unassigned,B,A,A,A
chr3_38743040_38759962,B,unassigned,B,B,B,B
chr3_41243377_41259943,A,unassigned,B,B,B,B
chr3_43741276_43758714,B,unassigned,B,B,B,B
chr3_46250556_46259459,B,unassigned,B,B,B,B
chr3_48747429_48759782,B,unassigned,B,B,B,B
chr3_50424070_50436035,A,unassigned,B,B,A,B
chr3_50892868_50936756,A,unassigned,B,B,B,B
chr3_51252180_51259849,A,unassigned,B,A,A,A
chr3_53749965_53759776,B,unassigned,A,A,B,B
chr3_53761263_53773941,B,unassigned,B,A,B,B
chr3_54258453_54270654,B,unassigned,A,A,B,B
chr3_55076080_55084829,A,unassigned,A,A,B,A
chr3_56243026_56259684,B,unassigned,B,A,B,B
chr3_57799652_57813920,A,unassigned,B,A,A,A
chr3_58093652_58119158,A,unassigned,B,B,B,A
chr3_58750462_58759923,B,unassigned,B,B,B,A
chr3_59239707_59249815,B,unassigned,B,B,A,B
chr3_61246859_61259990,B,unassigned,B,B,B,B
chr3_62431827_62442690,A,unassigned,B,B,B,B
chr3_63751028_63759986,B,unassigned,B,B,B,B
chr3_66250777_66259999,B,unassigned,B,B,B,B
chr3_68742348_68759853,A,unassigned,B,B,B,A
chr3_71241159_71259886,B,unassigned,B,B,B,B
chr3_73746531_73759799,B,unassigned,B,B,B,B
chr3_76240156_76259777,B,unassigned,B,B,B,B
chr3_78740016_78759918,B,unassigned,B,B,B,B
chr3_78993534_79003851,B,unassigned,B,B,B,B
chr3_81241704_81259929,B,unassigned,B,B,B,B
chr3_82044028_82054615,B,unassigned,B,B,B,B
chr3_83752567_83759986,B,unassigned,B,B,B,B
chr3_83964709_83974961,A,unassigned,B,B,A,A
chr3_86023175_86034025,A,unassigned,A,A,B,A
chr3_86247922_86259995,A,unassigned,A,A,A,A
chr3_87120574_87129646,A,unassigned,A,A,A,A
chr3_87301814_87320325,A,unassigned,A,A,A,A
chr3_88476488_88486772,A,unassigned,A,A,A,A
chr3_88749058_88759986,A,unassigned,A,A,A,A
chr3_90100797_90115167,A,unassigned,A,A,A,A
chr3_90295819_90313784,A,unassigned,A,A,A,A
chr3_91241820_91259980,B,unassigned,B,B,B,B
chr3_92227588_92290171,B,unassigned,B,B,B,B
chr3_95517538_95535402,A,unassigned,A,A,A,A
chr3_95516786_95536786,A,unassigned,A,A,A,A
chr3_96249057_96259829,A,unassigned,A,A,A,A
chr3_97311051_97322881,A,unassigned,A,A,A,A
chr3_97659593_97711204,A,unassigned,A,A,A,A
chr3_98742131_98759894,B,unassigned,A,B,B,B
chr3_100439931_100448779,B,unassigned,A,A,A,A
chr3_101248943_101259977,A,unassigned,A,A,A,A
chr3_102170456_102179690,A,unassigned,A,A,B,A
chr3_102703229_102712774,A,unassigned,A,A,A,A
chr3_103121115_103132305,A,unassigned,A,A,A,A
chr3_103412729_103423492,A,unassigned,A,A,A,A
chr3_103565231_103585231,A,unassigned,A,A,A,A
chr3_103750925_103759858,A,unassigned,A,A,A,A
chr3_104661123_104673339,A,unassigned,A,A,A,A
chr3_105911964_105922994,B,unassigned,A,A,A,A
chr3_108750340_108759980,A,unassigned,A,A,A,A
chr3_109033414_109045858,A,unassigned,B,B,A,A
chr3_111240366_111256084,B,unassigned,B,B,B,B
chr3_113740051_113759781,B,unassigned,B,B,B,B
chr3_116251600_116259989,A,unassigned,B,B,A,B
chr3_117251976_117262892,B,unassigned,B,B,B,B
chr3_117821911_117833025,B,unassigned,B,B,B,B
chr3_118450473_118462875,B,unassigned,B,B,B,B
chr3_118749492_118759988,B,unassigned,B,B,B,B
chr3_121250719_121259980,A,unassigned,B,B,A,A
chr3_123750102_123760001,B,unassigned,B,B,B,B
chr3_125882529_125894946,B,unassigned,B,B,B,A
chr3_126248221_126259461,B,unassigned,B,B,B,B
chr3_126654853_126664294,B,unassigned,B,B,A,A
chr3_127713246_127723502,A,unassigned,B,B,A,A
chr3_128747905_128759847,B,unassigned,B,B,B,B
chr3_129604148_129613606,A,unassigned,B,B,A,A
chr3_130275556_130285348,A,unassigned,B,B,A,B
chr3_131251513_131259993,A,unassigned,B,B,A,A
chr3_133481279_133497147,B,unassigned,A,B,A,A
chr3_133752468_133760001,B,unassigned,A,B,A,B
chr3_135621071_135630496,B,unassigned,A,B,A,A
chr3_136247142_136259844,B,unassigned,A,A,A,B
chr3_137616409_137640401,B,unassigned,B,A,B,B
chr3_138751291_138759968,B,unassigned,A,A,A,A
chr3_141245006_141259990,B,unassigned,B,B,B,B
chr3_143751926_143759974,B,unassigned,B,A,B,B
chr3_145854310_145863658,A,unassigned,B,B,B,A
chr3_146252034_146259937,A,unassigned,B,A,B,A
chr3_146329888_146339466,A,unassigned,A,A,A,A
chr3_148744563_148759967,B,unassigned,B,B,A,B
chr3_151247128_151259967,B,unassigned,B,B,B,B
chr3_152304804_152314446,B,unassigned,A,A,A,A
chr3_153748838_153759973,A,unassigned,A,A,B,A
chr3_156245228_156257010,B,unassigned,B,B,B,B
chr3_157181787_157191783,B,unassigned,A,A,B,B
chr3_158740019_158759984,B,unassigned,B,B,B,B
chr4_3050169_3091212,B,B,B,B,B,B
chr4_3488869_3528621,B,A,B,B,A,B
chr4_3740013_3758882,B,A,B,B,A,B
chr4_6244031_6259998,B,B,B,B,B,B
chr4_6372118_6383985,B,A,B,B,B,B
chr4_8587053_8598914,B,A,B,B,A,B
chr4_8751988_8760000,B,B,B,B,A,B
chr4_9644944_9655344,B,B,B,B,A,B
chr4_10980986_10995737,B,A,B,B,A,B
chr4_11248368_11259854,A,A,B,B,A,B
chr4_12002515_12011999,B,A,B,B,B,B
chr4_13752092_13759955,B,B,B,B,B,B
chr4_16246144_16259600,B,B,B,B,B,B
chr4_18741986_18759349,B,B,B,B,B,B
chr4_21240933_21254099,B,B,B,B,B,B
chr4_22483449_22493938,B,B,B,B,B,B
chr4_23748082_23759578,B,B,B,B,B,B
chr4_24793730_24803351,B,B,B,B,B,B
chr4_24994468_25006388,B,B,B,B,B,B
chr4_25706534_25720530,B,B,B,B,B,B
chr4_26241564_26259899,B,B,B,B,B,B
chr4_28740040_28759884,B,B,B,B,B,B
chr4_28844484_28855404,B,B,B,B,B,B
chr4_31250804_31259983,B,B,B,B,B,B
chr4_32872041_32884504,B,B,B,B,B,B
chr4_33749959_33759979,B,B,B,B,B,B
chr4_33936798_33947537,B,B,B,B,B,B
chr4_36242166_36259965,B,B,B,B,B,B
chr4_38741091_38759539,B,B,B,B,B,B
chr4_39197303_39212278,B,B,B,B,B,B
chr4_40498285_40508997,B,B,B,B,B,B
chr4_40762979_40832153,A,A,A,A,A,A
chr4_41189272_41197839,A,A,A,A,A,A
chr4_41250363_41259904,A,A,A,A,A,A
chr4_43236903_43245270,A,A,A,A,A,A
chr4_43559031_43567780,A,A,A,A,A,A
chr4_43745729_43759948,A,A,A,A,A,A
chr4_46250010_46259963,A,A,A,A,A,A
chr4_47596743_47604832,B,B,B,A,A,B
chr4_48751349_48759978,B,B,B,B,B,B
chr4_49770142_49780355,B,B,B,B,B,B
chr4_51240913_51256821,B,B,B,B,B,B
chr4_53750449_53759991,A,B,B,B,B,A
chr4_56251843_56259955,A,B,B,B,B,B
chr4_56837699_56848213,A,B,B,B,A,A
chr4_57010066_57018860,A,B,B,A,A,A
chr4_57438977_57452167,A,B,B,B,B,A
chr4_58522688_58533921,B,B,B,B,B,A
chr4_58743627_58754805,B,B,B,B,B,A
chr4_62333299_62344868,B,A,B,B,A,B
chr4_63751733_63759996,B,B,B,B,A,B
chr4_65748122_65759949,B,B,B,B,B,B
chr4_66250912_66259799,B,B,B,B,B,B
chr4_66392894_66402457,B,B,B,B,B,B
chr4_68750659_68759822,B,B,B,B,B,B
chr4_70490626_70505924,B,B,B,B,B,B
chr4_71244355_71259819,B,B,B,B,B,B
chr4_73741322_73759754,B,B,B,B,B,B
chr4_76249628_76259984,B,B,B,B,B,A
chr4_78740261_78759931,B,B,B,B,B,B
chr4_81248746_81257361,B,B,B,B,B,B
chr4_83740000_83756052,B,B,B,B,B,B
chr4_86185491_86196222,B,B,B,B,B,B
chr4_86246290_86255579,B,B,B,B,B,B
chr4_87033800_87042576,B,B,B,B,B,A
chr4_88207413_88218243,B,A,B,B,B,B
chr4_88740371_88757758,B,A,B,B,B,B
chr4_91251214_91259952,B,B,B,B,B,B
chr4_93740995_93759939,B,B,B,B,B,B
chr4_96241089_96256279,B,B,B,B,B,B
chr4_98101207_98109864,A,A,B,B,A,B
chr4_98585116_98597298,B,B,B,B,B,B
chr4_98748151_98759982,A,A,B,B,B,B
chr4_99364847_99373304,A,B,B,B,B,B
chr4_100963603_101000110,A,A,B,B,B,A
chr4_101250146_101259997,A,A,B,B,A,A
chr4_103752496_103759998,A,B,B,B,B,A
chr4_105017632_105032399,A,B,B,B,B,A
chr4_105925602_105936449,A,B,B,B,B,A
chr4_106248444_106260001,A,A,B,B,A,A
chr4_108744587_108759980,A,A,A,A,A,A
chr4_111251600_111259954,B,B,B,B,B,B
chr4_113740844_113759715,B,B,B,B,B,B
chr4_114630953_114640975,B,A,B,B,B,B
chr4_115074963_115084644,B,A,B,B,A,B
chr4_115876064_115884179,B,A,A,B,A,B
chr4_116248549_116259704,A,A,A,A,A,A
chr4_116649637_116662699,A,A,A,A,A,A
chr4_117652332_117661267,A,A,A,A,A,A
chr4_118749020_118759673,A,A,A,A,A,A
chr4_123230075_123238963,A,A,A,A,A,A
chr4_123747920_123759525,A,A,A,A,A,A
chr4_124009825_124022181,A,A,A,A,A,A
chr4_124842823_124854330,A,A,A,A,A,A
chr4_124976430_124996430,A,A,A,A,A,A
chr4_126224303_126246377,A,A,A,A,A,A
chr4_126252763_126259950,A,A,A,A,A,A
chr4_127015679_127031580,A,A,A,A,A,A
chr4_127529906_127538761,A,B,A,A,B,A
chr4_127692153_127702002,A,B,A,A,B,A
chr4_127841138_127850283,A,B,A,A,B,A
chr4_128752092_128759980,A,A,A,A,A,A
chr4_129507798_129517973,A,A,A,A,A,A
chr4_130271644_130282048,A,A,A,A,A,A
chr4_130530028_130558919,A,A,A,A,A,A
chr4_131252260_131259990,A,A,A,A,A,A
chr4_131791450_131800142,A,A,A,A,A,A
chr4_131828288_131848288,A,A,A,A,A,A
chr4_132805998_132820811,A,A,A,A,A,A
chr4_133752743_133759986,A,A,A,A,A,A
chr4_135838628_135850847,A,A,A,A,A,A
chr4_136250666_136259995,A,A,A,A,A,A
chr4_137299218_137308066,A,A,A,A,A,A
chr4_138752295_138759966,A,A,A,A,A,A
chr4_141250889_141259976,A,A,A,A,A,A
chr4_143740370_143759964,B,B,A,B,B,B
chr4_148749291_148759870,A,A,A,A,A,A
chr4_148887083_148895821,A,A,A,A,A,A
chr4_151252192_151259987,A,A,A,A,A,A
chr4_153750623_153759997,A,A,A,A,B,A
chr4_155775526_155786243,A,A,A,A,A,A
chr4_156248300_156256009,A,A,A,A,A,A
chr5_3745980_3759970,B,B,B,B,B,B
chr5_4045558_4060101,B,B,B,B,B,B
chr5_4984462_4996800,B,B,B,B,B,B
chr5_5266903_5275975,B,B,B,B,B,B
chr5_6241707_6257332,B,B,B,B,B,B
chr5_8740094_8754886,B,A,B,B,B,B
chr5_13740223_13759970,B,B,B,B,B,B
chr5_15984917_15996301,B,B,B,B,B,B
chr5_16246874_16259622,B,B,B,B,B,B
chr5_18742096_18760001,B,B,B,B,B,B
chr5_19923190_19934226,B,B,B,B,B,B
chr5_21250431_21259904,B,B,B,B,B,B
chr5_21495887_21505028,B,B,B,B,B,B
chr5_23750021_23759986,A,A,A,A,B,A
chr5_24788302_24812934,A,A,A,A,A,A
chr5_25608686_25620851,A,A,A,A,B,A
chr5_26240014_26258305,B,B,B,B,B,A
chr5_27077192_27089492,B,B,A,B,B,A
chr5_28748555_28760001,B,B,A,B,B,A
chr5_30381275_30433071,A,A,A,A,A,A
chr5_30451932_30471932,A,A,A,A,A,A
chr5_31098237_31118237,A,A,A,A,A,A
chr5_31252120_31259990,A,A,A,A,A,A
chr5_33224445_33233607,A,A,A,A,A,A
chr5_33748072_33759457,A,A,A,A,A,A
chr5_36252412_36259970,A,A,A,A,B,A
chr5_38375150_38384173,B,B,B,B,B,B
chr5_38538742_38546698,B,A,B,B,B,B
chr5_38751114_38759967,B,B,B,B,B,B
chr5_38879576_38890365,B,B,B,B,B,B
chr5_39138360_39147537,B,B,B,B,B,B
chr5_41250301_41259986,B,B,B,B,B,B
chr5_43332965_43356567,B,B,B,B,B,B
chr5_43750364_43759989,B,B,B,B,B,B
chr5_44230122_44240319,B,A,B,B,B,B
chr5_44692530_44701463,B,B,B,B,B,B
chr5_44882804_44896415,B,B,B,B,B,B
chr5_46242344_46259997,B,B,B,B,B,B
chr5_48746940_48759965,B,B,B,B,B,B
chr5_50006337_50016303,B,B,B,B,B,B
chr5_51245084_51259863,B,B,B,B,B,B
chr5_52805632_52814777,B,B,B,B,B,B
chr5_53741537_53759896,B,B,B,B,B,B
chr5_56240021_56259988,B,B,B,B,B,B
chr5_58074618_58088263,B,B,B,B,B,B
chr5_58747063_58759924,B,B,B,B,B,B
chr5_61240723_61259229,B,B,B,B,B,B
chr5_62663838_62675152,B,B,B,B,B,B
chr5_63747993_63759953,B,B,B,B,B,B
chr5_63865826_63875152,B,A,B,B,A,B
chr5_64786838_64801434,B,A,B,B,A,B
chr5_66076693_66085150,A,A,B,B,A,B
chr5_66246532_66259975,A,A,B,B,A,B
chr5_67369710_67383387,B,A,B,B,B,B
chr5_68746037_68759941,B,B,B,B,B,B
chr5_71240023_71253824,B,B,B,B,B,B
chr5_71628747_71640734,B,B,B,B,B,B
chr5_72855627_72864350,B,A,B,B,A,B
chr5_73752015_73759940,A,A,B,B,B,A
chr5_74629992_74639302,A,A,B,B,B,A
chr5_75142292_75162292,A,A,B,B,B,A
chr5_75658674_75669490,A,B,B,B,B,B
chr5_76247412_76258069,B,A,B,B,B,B
chr5_77374461_77384529,B,A,B,B,B,B
chr5_78747029_78758809,B,B,B,B,B,B
chr5_81248411_81259943,B,B,B,B,B,B
chr5_83741081_83759732,B,B,B,B,B,B
chr5_86247743_86259919,B,B,B,B,B,B
chr5_88581447_88591433,B,A,B,B,B,B
chr5_88748188_88759997,B,A,B,B,B,B
chr5_91246615_91259796,B,B,B,B,B,B
chr5_91595626_91603911,B,B,B,B,B,B
chr5_92372535_92384810,B,A,B,B,A,B
chr5_96251100_96259983,B,A,B,B,B,B
chr5_98746556_98759940,B,B,B,B,B,B
chr5_101245775_101255639,B,B,B,B,B,A
chr5_103752604_103759898,A,A,B,B,A,A
chr5_104326196_104336793,A,A,B,B,B,A
chr5_106246812_106259968,B,A,B,B,B,A
chr5_106801333_106811576,A,A,A,B,B,A
chr5_108702506_108709993,A,A,A,B,A,A
chr5_108749936_108759979,A,A,A,B,B,A
chr5_111252512_111259744,A,A,A,A,A,A
chr5_113753007_113759946,A,A,A,A,A,A
chr5_116247701_116259861,A,A,A,A,A,A
chr5_117012950_117023862,A,A,A,A,A,A
chr5_118752944_118759999,A,A,A,A,A,A
chr5_119073169_119083676,A,A,A,A,A,A
chr5_121251337_121259962,A,A,A,A,A,A
chr5_122040102_122060102,A,A,A,A,A,A
chr5_123749691_123759898,A,A,A,A,A,A
chr5_126251142_126259926,A,B,A,A,B,A
chr5_126260039_126271505,A,B,A,A,B,A
chr5_128217999_128228094,A,B,A,A,B,A
chr5_128752667_128759967,A,A,A,A,B,A
chr5_129759307_129774335,A,A,A,A,A,A
chr5_129946189_129959052,A,A,A,A,A,A
chr5_131249953_131259952,A,B,A,A,B,A
chr5_132280473_132291006,A,A,A,A,B,A
chr5_133749853_133759959,A,B,A,A,B,A
chr5_133990517_134001026,A,A,A,A,B,A
chr5_135034726_135045604,A,A,A,A,A,A
chr5_136251055_136259942,A,A,A,A,A,A
chr5_138753303_138759969,A,A,A,A,A,A
chr5_138782854_138791135,A,A,A,A,A,A
chr5_141064471_141075988,A,A,A,A,A,A
chr5_141249811_141259987,A,A,A,A,A,A
chr5_141769747_141778859,A,A,A,A,A,A
chr5_142051573_142061990,A,A,A,A,A,A
chr5_143494216_143508350,A,A,A,A,A,A
chr5_143753035_143759944,A,A,A,A,A,A
chr5_144567551_144585780,A,A,A,A,A,A
chr5_146250441_146260001,B,A,B,B,A,A
chr5_147045554_147053809,A,A,A,B,A,A
chr5_147716011_147736011,B,A,A,B,A,A
chr5_148515091_148526288,A,A,A,A,A,A
chr5_148751996_148759872,A,A,A,A,A,A
chr5_150135786_150145708,B,A,B,B,A,A
chr5_151247995_151259984,B,A,B,B,B,A
chr6_3750478_3759998,B,B,B,B,B,B
chr6_4986124_4997919,B,B,B,B,A,B
chr6_5883602_5892607,B,B,B,B,B,B
chr6_6181305_6190999,B,B,B,B,B,B
chr6_6248757_6259999,B,B,B,B,B,B
chr6_8750142_8759969,B,B,B,B,B,B
chr6_11243080_11259954,B,B,B,B,B,B
chr6_13747289_13759997,B,B,B,B,B,B
chr6_16240010_16259980,B,B,B,B,B,B
chr6_17135040_17145456,B,A,B,B,B,B
chr6_17605037_17616401,B,B,B,B,A,B
chr6_18431152_18440128,B,B,B,B,B,B
chr6_18744483_18757338,B,B,B,B,B,B
chr6_21250227_21259985,B,B,B,B,B,B
chr6_23469184_23490717,B,B,B,B,B,B
chr6_23750092_23759010,B,B,B,B,B,B
chr6_24543916_24555132,B,A,B,B,B,B
chr6_26240014_26259854,B,B,B,B,B,B
chr6_27942564_27953425,B,B,B,B,B,B
chr6_28752590_28759974,A,A,B,A,A,A
chr6_29203358_29211518,A,A,A,A,A,A
chr6_30555081_30564685,A,A,A,A,A,A
chr6_31249877_31259822,A,A,A,A,A,A
chr6_33749685_33759988,A,B,A,A,A,A
chr6_34498665_34506939,A,A,A,A,A,A
chr6_34885103_34895340,A,A,A,A,A,A
chr6_36247423_36259941,B,B,B,B,B,B
chr6_38752721_38759993,A,A,A,A,A,A
chr6_41107249_41119366,B,B,B,B,B,B
chr6_41242539_41259998,B,B,B,B,B,B
chr6_41537105_41545685,B,B,B,B,B,B
chr6_42341941_42361602,B,A,B,B,A,B
chr6_43746581_43759978,B,B,B,B,B,B
chr6_46247271_46259983,B,B,B,B,B,B
chr6_48412882_48422483,A,A,A,A,A,A
chr6_48746468_48759793,A,A,B,A,A,A
chr6_49822314_49832065,A,B,A,A,B,B
chr6_51173276_51183978,A,A,A,A,A,A
chr6_51251125_51259898,A,A,A,A,A,A
chr6_53633437_53642198,A,A,A,A,A,A
chr6_53751237_53760001,A,A,A,A,A,A
chr6_54717809_54728711,A,A,B,A,A,A
chr6_55799976_55810998,B,B,B,B,B,B
chr6_56240026_56259983,B,B,B,B,B,B
chr6_57776348_57786421,B,B,B,B,B,B
chr6_58742979_58759915,B,A,B,B,B,B
chr6_61246392_61259999,B,B,B,B,B,B
chr6_63748075_63759989,B,B,B,B,B,B
chr6_66242146_66259953,B,A,B,B,B,B
chr6_68740234_68759996,B,B,B,B,B,B
chr6_71249552_71259936,B,A,B,B,A,B
chr6_72858382_72869957,A,A,B,B,A,A
chr6_73749294_73759805,B,B,B,B,B,B
chr6_76240009_76259722,B,B,B,B,B,B
chr6_77442477_77453616,B,B,B,B,B,B
chr6_78747415_78759986,B,B,B,B,B,B
chr6_81249779_81259519,B,B,B,B,B,B
chr6_81800264_81812019,B,B,B,B,B,B
chr6_81977622_81989718,A,A,B,B,A,A
chr6_82998897_83022851,A,A,A,A,A,A
chr6_83198857_83208488,A,A,A,A,A,A
chr6_83751923_83759991,A,A,A,A,A,A
chr6_83878652_83891773,A,A,A,A,A,A
chr6_84124808_84136060,A,A,A,A,A,A
chr6_84578062_84585818,A,A,A,A,A,A
chr6_86251798_86259614,A,A,A,A,A,A
chr6_88752139_88759980,A,A,A,A,A,A
chr6_90415376_90424541,A,A,B,B,A,A
chr6_91253062_91259999,A,A,A,A,A,A
chr6_93751087_93759962,A,A,A,A,A,A
chr6_96252017_96260000,A,B,B,B,B,B
chr6_97868024_97878410,A,A,A,A,A,A
chr6_98250094_98260430,A,A,B,A,B,A
chr6_98750407_98760000,A,A,B,A,A,A
chr6_98975328_98984704,A,A,A,A,A,A
chr6_99357856_99367686,A,A,A,A,A,A
chr6_100925677_100936519,B,A,B,B,A,A
chr6_101252868_101259964,B,A,B,B,B,A
chr6_103749931_103759969,B,B,B,B,B,B
chr6_106249731_106259929,B,B,B,B,B,B
chr6_106413601_106428008,B,B,B,B,B,B
chr6_108749036_108759953,B,A,B,B,A,B
chr6_111249659_111259831,B,B,B,B,B,B
chr6_111511078_111522741,B,B,B,B,B,B
chr6_113273415_113282309,A,A,A,A,A,A
chr6_113753046_113759979,A,A,A,A,A,A
chr6_115493378_115503520,A,A,A,A,A,A
chr6_116249701_116259927,A,A,A,A,A,A
chr6_116391857_116401589,A,A,A,A,A,A
chr6_118622298_118630305,A,A,A,A,A,A
chr6_118751850_118759591,A,A,A,A,A,A
chr6_121250398_121259968,B,A,A,B,A,A
chr6_121419853_121427793,B,A,B,B,A,B
chr6_123740082_123754125,B,B,B,B,A,B
chr6_126241078_126256910,B,A,A,A,A,B
chr6_127115243_127126502,A,A,A,A,A,A
chr6_128405655_128428900,B,A,A,B,A,A
chr6_128740000_128759986,B,A,B,B,A,B
chr6_131241616_131259906,B,B,B,B,B,B
chr6_131394281_131407087,B,A,B,B,B,B
chr6_134725886_134737664,A,A,B,B,A,A
chr6_136251562_136259967,A,B,A,A,A,B
chr6_137130641_137140192,A,A,A,B,A,B
chr6_138748198_138759606,B,B,B,B,B,B
chr6_141251496_141259969,B,A,B,B,B,B
chr6_142506459_142516667,A,A,B,B,A,B
chr6_143751467_143759990,A,A,A,A,B,A
chr6_144620601_144630907,A,A,A,A,B,A
chr6_145013106_145023324,A,A,A,A,A,A
chr6_145290946_145300206,A,A,A,A,A,A
chr6_145766781_145778898,A,A,A,A,A,A
chr6_146250194_146259941,A,A,A,A,A,A
chr6_146343262_146354117,A,A,A,A,A,A
chr6_148748380_148759991,A,A,A,A,B,B
chr7_4494500_4503468,B,A,A,A,A,A
chr7_6245207_6259885,B,A,B,A,B,B
chr7_16248012_16259975,B,A,A,A,A,A
chr7_18740071_18759137,B,A,B,B,B,B
chr7_25637152_25646167,B,A,A,A,A,B
chr7_26244483_26259941,B,B,B,B,B,B
chr7_28190401_28199577,B,A,A,A,A,A
chr7_28580710_28589658,A,A,A,A,A,A
chr7_28750208_28760000,A,A,A,A,A,A
chr7_30278706_30289838,A,A,A,A,A,A
chr7_30907838_30915653,B,A,A,A,A,A
chr7_31241413_31259382,B,B,B,B,B,B
chr7_33740106_33759359,B,B,B,B,B,B
chr7_35730849_35741518,B,B,B,B,B,B
chr7_36065257_36074490,B,B,B,B,B,B
chr7_36250665_36260001,B,B,B,B,B,B
chr7_36933930_36942529,B,B,B,B,B,B
chr7_43558219_43567990,B,A,B,B,A,B
chr7_43740140_43759822,B,B,B,A,A,B
chr7_45153949_45173949,A,A,A,A,A,A
chr7_46251598_46259999,B,A,A,A,A,B
chr7_47082742_47091170,B,B,B,A,A,B
chr7_47120967_47126928,B,B,B,B,B,B
chr7_48751492_48759977,B,B,B,B,A,B
chr7_50550714_50560510,B,B,B,B,B,B
chr7_51251184_51259910,B,B,B,B,B,B
chr7_53749537_53759391,B,B,B,B,B,B
chr7_56247769_56259828,B,B,B,B,B,B
chr7_58752210_58759979,B,A,B,B,B,B
chr7_61241628_61257488,B,B,B,B,B,B
chr7_63753717_63759997,B,A,B,B,B,B
chr7_64329437_64338789,A,A,B,B,B,A
chr7_65902429_65911922,A,A,B,B,B,A
chr7_66252902_66259993,A,A,B,B,A,B
chr7_67853347_67862450,B,A,B,B,A,B
chr7_68748543_68759916,B,A,B,B,B,B
chr7_70341561_70349544,B,A,B,B,B,B
chr7_71249261_71259987,B,B,B,B,B,B
chr7_73751066_73759978,B,A,B,B,B,B
chr7_76245000_76259980,B,B,B,B,B,B
chr7_78752414_78759976,A,B,B,B,B,B
chr7_81247806_81259583,A,A,A,A,A,A
chr7_81295338_81305484,A,A,A,A,A,A
chr7_82829265_82839741,B,B,B,B,A,B
chr7_83073025_83082870,B,B,B,B,B,B
chr7_83656608_83666849,B,A,B,B,A,B
chr7_83748496_83759483,B,B,B,B,B,B
chr7_83818755_83829722,B,A,B,B,B,B
chr7_84272672_84281380,B,B,B,B,B,B
chr7_86240611_86259984,B,B,B,B,B,B
chr7_88745370_88759846,B,B,B,B,B,B
chr7_89280544_89319616,B,A,B,B,A,B
chr7_91247463_91259999,B,B,B,B,B,B
chr7_93740090_93759996,B,B,B,B,B,B
chr7_96252288_96259955,B,B,B,B,B,B
chr7_97771442_97786356,A,A,A,B,A,A
chr7_98153101_98161901,A,A,A,B,A,A
chr7_98752625_98759994,A,A,A,A,A,A
chr7_101246642_101259902,A,A,A,A,A,A
chr7_101903725_101915161,A,A,A,A,A,A
chr7_103744092_103759996,B,B,B,B,B,B
chr7_106240051_106259974,B,B,B,B,B,B
chr7_107684577_107693736,B,B,B,B,B,B
chr7_108749723_108759982,B,B,B,B,B,B
chr7_109934012_109950502,A,A,A,A,A,A
chr7_111249436_111259950,A,A,A,A,B,A
chr7_112822310_112835466,A,A,A,A,B,A
chr7_113751352_113759967,A,B,B,B,B,A
chr7_114309196_114317766,A,B,B,B,A,A
chr7_115513233_115523148,A,B,B,B,B,A
chr7_115673962_115684050,A,B,B,B,B,A
chr7_116249796_116259838,A,B,A,B,B,A
chr7_118141089_118152478,B,A,A,A,A,A
chr7_118751335_118759906,B,A,B,B,B,A
chr7_119726311_119746080,B,B,B,B,B,A
chr7_121252567_121260000,B,B,B,A,B,B
chr7_121260027_121270279,B,B,B,A,A,B
chr7_123751541_123759501,B,B,B,A,B,B
chr7_126248882_126259977,A,A,A,A,A,A
chr7_126267521_126275964,A,A,A,A,A,A
chr7_127106699_127115484,A,A,A,A,A,A
chr7_127672637_127683264,A,A,A,A,A,A
chr7_128748355_128759985,A,A,A,A,A,A
chr7_130238885_130247674,A,A,A,A,B,A
chr7_131249978_131259979,A,B,A,B,B,A
chr7_132256661_132264746,A,A,B,A,B,A
chr7_133748640_133759984,A,A,B,B,A,A
chr7_134668240_134677180,A,A,B,B,A,A
chr7_136070464_136079456,A,B,B,B,B,A
chr7_136249793_136259988,A,B,B,B,B,A
chr7_138213625_138222514,A,B,B,B,B,A
chr7_138751656_138759997,A,B,B,B,B,A
chr7_141250556_141259982,A,A,A,A,A,A
chr7_142382518_142390093,A,A,A,B,A,A
chr7_142656816_142676816,A,A,B,B,A,A
chr7_143752889_143759788,A,A,A,A,A,A
chr8_3744239_3754817,B,B,B,A,B,B
chr8_6240991_6259597,B,B,B,B,B,B
chr8_8625672_8635363,B,A,A,B,B,B
chr8_8751397_8760001,B,A,B,B,B,B
chr8_11252719_11259979,A,A,A,A,A,A
chr8_13751464_13759762,A,A,A,A,A,A
chr8_13943289_13953244,B,A,A,A,A,A
chr8_15577321_15587903,B,B,A,A,B,B
chr8_16014194_16024428,B,B,A,A,B,B
chr8_16252145_16259959,B,B,A,A,B,B
chr8_17484997_17502202,B,B,A,A,B,B
chr8_18753065_18759951,B,A,A,A,B,B
chr8_18935116_18943560,B,B,B,A,A,B
chr8_23749084_23759998,A,B,A,A,B,B
chr8_25353999_25366311,A,A,A,A,A,A
chr8_26248599_26259978,A,B,A,B,A,B
chr8_26699075_26710873,A,B,B,B,A,B
chr8_28751526_28759983,B,B,B,B,B,B
chr8_31251234_31260001,B,B,B,B,B,B
chr8_33745646_33759966,B,A,B,A,A,B
chr8_34850006_34860863,A,A,A,A,A,B
chr8_35201034_35209444,A,A,A,A,A,B
chr8_35401980_35412537,A,A,A,A,A,B
chr8_36252373_36259990,B,A,A,B,A,B
chr8_36435882_36446573,B,A,A,B,B,B
chr8_36675547_36686003,B,A,A,B,B,B
chr8_38744128_38759893,B,B,B,B,B,B
chr8_40603488_40612597,B,B,B,B,B,B
chr8_41247667_41259897,B,A,B,B,A,B
chr8_41361144_41373254,B,A,B,B,A,B
chr8_43744906_43759696,B,B,B,B,B,B
chr8_46250027_46260000,A,A,B,B,A,B
chr8_47688677_47702507,A,A,B,B,A,B
chr8_47868354_47877141,B,A,B,B,A,B
chr8_48196007_48217477,B,B,B,B,B,B
chr8_48523580_48534482,B,B,B,B,B,B
chr8_48751534_48759978,B,B,B,B,B,B
chr8_51246200_51259994,B,B,B,B,B,B
chr8_53742920_53759737,B,B,B,B,B,B
chr8_56240018_56259988,B,B,B,B,B,B
chr8_58745114_58759883,B,B,B,B,B,B
chr8_61251461_61260001,B,A,B,B,B,B
chr8_61290859_61302037,B,A,B,B,B,B
chr8_63746542_63759701,B,B,B,B,B,B
chr8_66245986_66257436,B,B,B,B,B,B
chr8_67966919_67976697,B,A,B,B,A,A
chr8_68191776_68203113,B,A,B,B,A,B
chr8_68523501_68549958,B,A,B,A,A,B
chr8_68740000_68756355,B,A,B,A,A,B
chr8_71243515_71258453,B,A,A,A,A,A
chr8_71330574_71341463,B,A,A,A,A,A
chr8_72654837_72686288,B,A,B,A,A,B
chr8_73743390_73759815,B,B,B,B,B,B
chr8_75064672_75074730,B,A,B,B,A,B
chr8_76246739_76259916,B,B,B,B,B,B
chr8_77045858_77056317,B,A,B,B,B,B
chr8_78026733_78055722,B,B,B,B,B,B
chr8_78750620_78759524,B,A,B,B,A,B
chr8_79364213_79372376,B,A,B,B,A,A
chr8_81243233_81259991,B,B,B,B,A,B
chr8_81370214_81381310,B,B,B,B,A,B
chr8_83425586_83437862,B,A,B,A,A,A
chr8_83749190_83759993,A,A,A,A,A,A
chr8_84188737_84202418,A,A,A,A,A,A
chr8_86251806_86259997,A,B,A,A,A,A
chr8_88306806_88315355,A,A,A,A,A,A
chr8_88753095_88759967,A,A,A,A,A,A
chr8_90298978_90307813,A,A,A,A,B,A
chr8_90518765_90527052,A,B,A,A,A,A
chr8_90862933_90873784,A,A,A,A,A,A
chr8_91245950_91259936,A,A,A,A,A,A
chr8_92122408_92132246,A,A,B,A,B,A
chr8_93751042_93759630,A,B,B,A,B,A
chr8_95161408_95172744,A,A,B,A,A,A
chr8_96247211_96257648,B,B,B,B,B,B
chr8_98748884_98759535,B,B,B,B,B,B
chr8_101243995_101259951,B,B,B,B,B,B
chr8_103745543_103754589,B,B,B,B,B,B
chr8_103857430_103867908,B,A,B,B,B,B
chr8_104422242_104431036,B,A,B,B,A,A
chr8_105463413_105471413,A,A,B,A,A,A
chr8_106252520_106259986,A,A,A,A,A,A
chr8_107484014_107493629,A,A,B,A,A,A
chr8_108752792_108759991,A,A,B,A,A,A
chr8_109944340_109953914,A,A,A,A,A,A
chr8_110954549_110965675,A,A,A,A,A,A
chr8_111246866_111260000,A,A,A,A,A,A
chr8_112652341_112662979,B,B,A,A,B,B
chr8_113751199_113760000,A,A,A,A,B,B
chr8_114478710_114488863,A,A,A,A,B,A
chr8_114956842_114964777,A,A,A,A,B,B
chr8_115154990_115163098,A,A,A,A,B,B
chr8_116250585_116259987,A,B,A,A,B,B
chr8_116601623_116611658,A,B,A,A,B,B
chr8_118129742_118139389,A,B,A,A,B,A
chr8_118749698_118758383,A,B,A,A,B,A
chr8_119141171_119150352,A,B,A,A,B,A
chr8_119809780_119818331,A,A,A,A,A,A
chr8_121252801_121259874,A,A,A,A,A,A
chr8_123751781_123760001,A,A,A,A,A,A
chr8_126252569_126260001,A,A,A,A,A,A
chr8_128740029_128759892,B,A,B,A,A,A
chr9_3751139_3759903,B,B,B,B,B,B
chr9_6249469_6258775,B,B,B,B,B,B
chr9_8750776_8759988,B,B,B,B,B,B
chr9_8908040_8920752,B,B,B,B,B,B
chr9_9121689_9131712,B,B,B,B,B,B
chr9_11240201_11259705,B,B,B,B,B,B
chr9_13746640_13759912,B,A,B,B,B,B
chr9_14549707_14558151,B,B,B,B,B,B
chr9_15523047_15531171,B,A,B,B,B,B
chr9_16248849_16259009,B,B,B,B,B,B
chr9_18747961_18759784,B,B,B,B,B,B
chr9_21248015_21259977,A,A,A,A,A,A
chr9_22612600_22622923,B,B,B,A,B,A
chr9_22820201_22829931,B,B,B,A,A,B
chr9_23740000_23759979,B,B,B,B,B,B
chr9_24444141_24453329,B,B,B,A,B,A
chr9_26248815_26259992,B,B,B,B,B,B
chr9_28750110_28759972,A,B,A,A,B,A
chr9_31248109_31259964,A,A,B,B,B,A
chr9_32510214_32519462,B,A,B,B,A,B
chr9_32730800_32738680,B,A,B,B,A,B
chr9_33745643_33759998,B,B,B,B,B,B
chr9_36243499_36260001,B,B,B,B,B,B
chr9_37418533_37426838,B,A,B,B,B,B
chr9_38746807_38759977,B,B,B,B,B,B
chr9_41250394_41259977,A,A,A,A,A,A
chr9_43752798_43759971,A,A,A,A,A,A
chr9_46249750_46260001,A,A,A,A,A,A
chr9_46325187_46335232,A,A,A,A,A,A
chr9_48049967_48059369,A,A,A,A,A,A
chr9_48229064_48237826,A,A,A,A,A,A
chr9_48752191_48759985,A,A,A,A,A,A
chr9_50110633_50121501,A,B,A,A,B,A
chr9_51250590_51259983,A,A,A,A,A,A
chr9_52405521_52414988,A,B,A,A,A,B
chr9_53748085_53759926,A,A,A,A,A,A
chr9_53925984_53936665,A,B,A,A,B,A
chr9_54324510_54334195,A,B,A,A,A,A
chr9_54526694_54547327,A,A,A,A,A,A
chr9_54672266_54684118,A,A,A,A,A,A
chr9_56250839_56259996,A,A,A,A,A,A
chr9_57266624_57275600,A,A,A,A,A,A
chr9_58750335_58760000,A,A,A,A,A,A
chr9_61251430_61259990,A,A,A,A,A,A
chr9_63636129_63644871,A,A,A,A,A,A
chr9_63752807_63759978,A,A,A,A,A,A
chr9_64209545_64219935,A,A,A,A,A,A
chr9_66251763_66259035,A,A,A,A,A,A
chr9_67417068_67426900,A,A,A,A,A,A
chr9_67719827_67728279,A,A,A,A,A,A
chr9_68750884_68759650,A,A,A,A,A,A
chr9_69110387_69120082,A,A,A,A,A,A
chr9_71250631_71259990,A,A,A,A,A,A
chr9_71558893_71569766,A,A,A,A,A,A
chr9_71934511_71948084,A,A,A,A,A,A
chr9_73173838_73186173,A,A,B,B,B,B
chr9_73751293_73759953,B,B,B,B,B,B
chr9_76247658_76259999,B,B,B,B,B,B
chr9_77728594_77741322,B,B,B,B,B,B
chr9_78145939_78155994,B,A,B,B,B,B
chr9_78741532_78754558,B,B,B,B,B,B
chr9_80211170_80222254,B,A,B,B,B,B
chr9_81240023_81250170,B,B,B,B,B,B
chr9_83329663_83342964,B,B,B,B,B,B
chr9_83748057_83758339,B,B,B,B,B,B
chr9_86248435_86259989,B,B,B,B,B,B
chr9_86610930_86620577,B,B,B,B,B,B
chr9_89274047_89283348,B,B,B,B,B,B
chr9_89869276_89878634,B,B,B,B,B,B
chr9_90040697_90058315,B,A,B,B,B,B
chr9_90224021_90233562,B,B,B,B,B,B
chr9_91244026_91259995,B,B,B,B,B,B
chr9_93746333_93757663,B,B,B,B,B,B
chr9_96246515_96259999,B,A,B,B,B,B
chr9_96450595_96460654,B,A,B,B,B,B
chr9_97938937_97948026,B,B,B,B,B,B
chr9_98750411_98759587,B,B,B,B,B,B
chr9_99087712_99098372,A,A,B,B,A,B
chr9_99772669_99799589,A,B,B,B,B,A
chr9_101249946_101259920,A,B,B,A,B,A
chr9_102494567_102511621,A,B,B,A,B,A
chr9_103751784_103759999,A,B,A,A,B,A
chr9_104941207_104949923,B,B,A,A,B,B
chr9_105295612_105306185,B,B,A,A,B,A
chr9_105878553_105888314,B,B,A,A,B,A
chr9_106249725_106259985,A,A,A,A,A,A
chr9_106935532_106964965,A,B,A,A,A,A
chr9_108431429_108441472,A,A,A,A,A,A
chr9_108749775_108759943,A,A,A,A,A,A
chr9_109532055_109558895,A,B,B,A,A,A
chr9_110429508_110438609,A,A,A,A,A,A
chr9_110907958_110918840,A,A,A,A,A,A
chr9_111249941_111259901,A,A,A,A,A,A
chr9_112450583_112462446,A,B,B,A,B,B
chr9_113747996_113759807,A,A,A,A,A,B
chr9_113781680_113795595,A,A,A,A,A,B
chr9_116249033_116259999,A,A,A,B,A,B
chr9_118751319_118759956,A,A,A,A,A,B
chr9_119425689_119434008,A,A,A,A,A,A
chr9_121252615_121259973,A,A,A,A,A,A
chr9_123457587_123467505,A,A,A,B,A,B
chr9_123741973_123759929,B,A,B,B,A,B
chr10_3751513_3759997,A,A,A,A,B,A
chr10_5629218_5649218,B,A,A,A,B,B
chr10_6240022_6259820,B,B,B,B,B,B
chr10_8210638_8219447,A,A,A,A,A,A
chr10_8752349_8759916,A,A,A,A,A,A
chr10_9846919_9864739,B,A,A,A,A,B
chr10_11246072_11259613,B,A,B,B,B,B
chr10_12859250_12868222,A,A,B,B,A,B
chr10_13577214_13590666,B,A,B,B,B,B
chr10_13751263_13760000,B,A,B,A,A,B
chr10_16246360_16259988,B,B,B,B,B,B
chr10_18742977_18759877,A,B,B,B,A,B
chr10_19556678_19586322,A,A,B,B,A,B
chr10_21248528_21259983,A,A,B,B,A,A
chr10_21934495_21947241,A,A,B,B,A,A
chr10_23228579_23239696,B,B,B,B,A,B
chr10_23748749_23759870,B,B,B,B,A,B
chr10_24980674_24992244,A,B,B,B,B,B
chr10_25438678_25449732,A,A,B,B,A,B
chr10_26249515_26259869,A,B,B,B,B,B
chr10_26291724_26302292,A,B,B,B,B,B
chr10_28133272_28143212,B,A,B,B,B,A
chr10_28740662_28759931,B,B,B,B,B,B
chr10_31248889_31259996,B,B,B,B,B,B
chr10_33746190_33758927,B,B,B,B,B,B
chr10_34171419_34181958,B,B,B,B,A,B
chr10_36246035_36256888,B,B,B,B,B,B
chr10_38743217_38750919,B,B,B,B,B,B
chr10_39000437_39011105,B,A,B,B,B,B
chr10_40096766_40109359,A,A,A,A,A,A
chr10_41219411_41230383,A,A,A,A,A,A
chr10_41251382_41259932,A,A,A,A,A,A
chr10_42576009_42584250,A,A,A,A,A,A
chr10_43312814_43323541,A,A,A,A,A,A
chr10_43748525_43759992,A,A,B,B,A,A
chr10_44324374_44337530,A,A,B,B,A,B
chr10_44665780_44677839,A,A,B,B,A,B
chr10_46249752_46259986,B,B,B,B,B,B
chr10_48740218_48759998,B,B,B,B,B,B
chr10_49782392_49792295,B,B,B,B,B,B
chr10_51243267_51259999,B,B,B,B,B,B
chr10_52727613_52740618,B,B,B,B,B,B
chr10_52923626_52936024,B,B,B,B,B,B
chr10_53750382_53759996,B,B,B,B,B,B
chr10_56240216_56259975,B,B,B,B,B,B
chr10_58635610_58644230,A,A,A,A,B,A
chr10_58746462_58759930,A,B,A,A,B,A
chr10_61251041_61259954,A,A,A,A,A,A
chr10_61347203_61356352,A,A,A,A,A,A
chr10_61571895_61581633,A,A,A,A,A,A
chr10_62865770_62877951,A,A,A,A,A,A
chr10_63169128_63179433,A,A,A,A,A,A
chr10_63740897_63756638,B,B,B,B,B,B
chr10_64066143_64075336,B,B,A,B,B,A
chr10_66247391_66259895,B,B,B,B,B,B
chr10_66905620_66916304,A,A,A,A,A,A
chr10_67878321_67888174,B,A,B,A,A,A
chr10_68749691_68760001,B,B,A,A,B,B
chr10_69244208_69255897,B,A,A,A,A,A
chr10_71250749_71259981,B,A,A,A,A,A
chr10_71317922_71329172,B,A,A,A,A,A
chr10_73747691_73759891,B,B,A,B,B,B
chr10_75877316_75898355,A,A,A,A,A,A
chr10_76252105_76259992,A,A,A,A,A,A
chr10_78748883_78759822,B,B,A,A,A,A
chr10_79724454_79734149,A,A,A,A,A,A
chr10_81252100_81260001,A,A,A,A,A,A
chr10_82662383_82675467,A,A,A,A,A,A
chr10_83636600_83645786,A,A,A,A,A,A
chr10_83750740_83759977,A,A,A,A,A,A
chr10_83896332_83906922,A,A,A,A,A,A
chr10_84122257_84132220,A,A,A,A,A,A
chr10_84979628_84989988,A,A,A,A,A,A
chr10_86056349_86066706,A,A,A,A,A,A
chr10_86252896_86260000,A,A,A,B,B,A
chr10_87489881_87500372,A,B,B,B,B,A
chr10_87902350_87912070,A,B,B,B,B,A
chr10_88751030_88759997,A,B,A,B,B,A
chr10_91187762_91201376,A,A,B,B,A,A
chr10_91242559_91260001,A,A,B,B,B,A
chr10_92227361_92247081,A,B,B,B,B,B
chr10_93676208_93685027,A,A,B,A,B,A
chr10_93751462_93759927,A,A,B,A,A,A
chr10_94072935_94082845,A,A,B,A,A,A
chr10_94248499_94257428,A,A,B,B,A,A
chr10_96171001_96180518,B,A,B,B,B,B
chr10_96250380_96260000,B,A,B,B,A,B
chr10_98615375_98627822,B,B,B,B,B,B
chr10_98750249_98759905,B,A,B,B,A,B
chr10_98940738_98950337,B,A,B,B,A,B
chr10_99178188_99189355,B,A,B,B,A,B
chr10_101245606_101259872,B,B,B,B,B,B
chr10_103742442_103759968,B,B,B,B,B,B
chr10_105512469_105523013,B,A,B,B,B,B
chr10_106245451_106259999,B,B,B,B,B,B
chr10_106655496_106667755,B,B,B,B,B,B
chr10_108748308_108759976,B,B,B,A,B,B
chr10_110958146_110971719,B,A,B,A,B,B
chr10_111248296_111259972,A,A,B,B,B,B
chr10_111577193_111589334,A,A,B,B,B,B
chr10_113747740_113759923,B,B,B,B,B,B
chr10_114556829_114569703,B,B,B,B,B,B
chr10_115377108_115387533,A,A,A,B,A,A
chr10_116250960_116259530,B,A,A,B,B,B
chr10_117033155_117043820,A,A,A,A,A,A
chr10_117677265_117687765,A,A,A,A,A,A
chr10_118751886_118759938,A,B,A,A,A,B
chr10_118774804_118786149,A,B,A,A,A,B
chr10_121252556_121259836,A,A,A,A,A,A
chr10_123357425_123367638,B,B,A,A,B,B
chr10_123751848_123759997,B,B,A,A,B,B
chr10_125325988_125336086,B,B,A,A,B,B
chr10_126252050_126259982,B,B,A,A,B,B
chr10_126502013_126511842,B,B,A,A,A,B
chr10_127524559_127544559,A,A,A,A,A,A
chr10_128440696_128454135,A,A,A,A,A,A
chr10_128748541_128759793,A,A,A,A,A,A
chr11_3752701_3759988,A,A,A,A,A,A
chr11_4973207_4984540,A,A,A,A,A,A
chr11_5400059_5411584,A,A,A,A,A,A
chr11_6248948_6259774,B,A,A,A,A,A
chr11_6586837_6594983,B,B,A,B,B,B
chr11_8741462_8759976,B,B,B,B,B,B
chr11_11211152_11222104,B,B,B,B,B,B
chr11_11247129_11259658,B,B,B,B,B,B
chr11_13743335_13756351,B,B,B,B,B,B
chr11_16250037_16259991,B,B,B,B,B,B
chr11_18751121_18759885,B,B,B,B,B,B
chr11_20468297_20480469,B,B,B,B,B,B
chr11_21244969_21259869,B,B,B,B,B,B
chr11_22008115_22019716,B,B,B,B,B,B
chr11_22649953_22662534,B,B,B,B,B,B
chr11_23747998_23759977,B,B,B,B,B,B
chr11_25871923_25882939,B,B,B,B,B,B
chr11_26094820_26105284,B,B,B,B,B,B
chr11_26240027_26259960,B,B,B,B,B,B
chr11_26977715_26990203,B,B,B,B,B,B
chr11_28678967_28689549,B,B,B,B,B,B
chr11_28749294_28760000,B,B,B,B,B,B
chr11_31241016_31259272,B,B,B,B,B,B
chr11_33752267_33759972,B,B,B,B,B,B
chr11_34076196_34085162,B,B,B,B,B,B
chr11_35885116_35893898,B,B,B,B,B,B
chr11_36169642_36177794,B,B,B,B,B,B
chr11_36252067_36259922,B,B,B,B,B,B
chr11_38069777_38084188,B,B,B,B,B,B
chr11_38747267_38759865,B,B,B,B,B,B
chr11_40769090_40782599,B,B,B,B,B,B
chr11_41248821_41259967,B,B,B,B,B,B
chr11_43380257_43389315,B,B,B,B,B,B
chr11_43748110_43759858,B,B,B,B,B,B
chr11_43798666_43808572,B,B,B,B,B,B
chr11_44543282_44553580,B,B,B,B,B,B
chr11_46251750_46260000,B,B,B,B,B,B
chr11_46443554_46457242,B,B,B,B,B,B
chr11_48748102_48759954,B,B,B,B,B,B
chr11_50686237_50696570,A,B,B,A,B,A
chr11_51251121_51259941,A,A,A,A,A,A
chr11_52664214_52673445,A,B,A,A,B,A
chr11_53747995_53759976,A,A,A,A,A,A
chr11_54333630_54342625,A,A,A,A,A,A
chr11_55169022_55179525,A,A,A,A,A,A
chr11_55418695_55428459,A,A,A,A,A,A
chr11_56251234_56259977,A,B,A,B,B,B
chr11_57712637_57722728,A,A,A,A,A,A
chr11_58043133_58052572,A,A,A,A,A,A
chr11_58306807_58314877,A,A,A,A,A,A
chr11_58743279_58759688,A,B,A,A,A,A
chr11_61250868_61260001,A,A,A,A,A,A
chr11_62318775_62329631,A,A,A,A,A,A
chr11_63752487_63759921,A,B,B,B,B,A
chr11_63908658_63917528,A,B,B,B,B,A
chr11_66252141_66259999,A,B,B,B,B,B
chr11_68018851_68028837,A,A,A,A,A,A
chr11_68751095_68759956,A,A,A,A,A,A
chr11_69599220_69610544,A,A,A,A,A,A
chr11_70033669_70044663,A,A,A,A,A,A
chr11_70588118_70599437,A,A,A,A,A,A
chr11_70912349_70925454,A,A,A,A,A,A
chr11_71251568_71260001,A,B,A,A,A,A
chr11_71774451_71783156,A,B,A,A,A,A
chr11_72465179_72473896,A,A,A,A,A,A
chr11_73295233_73304920,A,B,A,A,B,A
chr11_73741061_73759908,B,B,B,B,B,A
chr11_76252579_76259990,A,A,A,A,A,A
chr11_78146469_78156058,A,A,A,A,A,A
chr11_78290781_78302013,A,A,A,A,A,A
chr11_78489091_78509091,A,A,A,A,A,A
chr11_78749105_78759953,A,A,A,A,A,A
chr11_81251425_81259863,A,B,A,A,B,A
chr11_83748715_83759987,A,A,A,A,A,A
chr11_84052792_84063653,A,A,A,A,A,A
chr11_86248904_86259943,A,A,A,A,A,A
chr11_88751701_88759863,A,A,A,A,A,A
chr11_88840555_88848716,A,A,A,A,A,A
chr11_89620948_89631193,A,B,B,B,B,B
chr11_91249123_91259985,B,B,B,B,B,B
chr11_93751347_93759975,B,B,B,B,B,B
chr11_95689422_95700122,A,A,A,A,A,A
chr11_96252432_96259955,A,A,A,A,A,A
chr11_97139857_97147836,A,A,A,A,A,A
chr11_98751740_98759978,A,A,A,A,A,A
chr11_100738081_100747384,A,A,A,A,A,A
chr11_101251242_101259961,A,A,A,A,A,A
chr11_102014896_102027194,A,A,A,A,A,A
chr11_103751349_103759972,A,A,A,A,A,A
chr11_106252339_106260001,A,A,A,A,A,A
chr11_106814325_106823080,A,A,A,A,A,A
chr11_107031695_107041275,A,A,A,A,A,A
chr11_108751539_108759888,A,A,B,B,B,A
chr11_109494692_109504211,A,A,B,B,A,A
chr11_109707720_109716681,A,A,B,B,B,A
chr11_111251218_111259929,A,A,B,B,B,A
chr11_111514171_111535553,A,B,B,B,B,A
chr11_112820163_112829475,A,A,B,B,B,A
chr11_113683650_113692769,A,A,B,B,B,A
chr11_113751207_113759997,A,A,B,B,B,A
chr11_115403529_115412048,A,A,A,A,A,A
chr11_116250868_116259978,A,A,A,A,A,A
chr11_118753134_118760000,A,A,A,A,A,A
chr11_120998159_121010644,A,A,A,A,A,A
chr11_121251294_121259989,A,A,A,A,A,A
chr11_121514467_121522938,A,A,A,A,A,A
chr12_3750871_3759992,A,A,A,A,A,A
chr12_4713136_4724281,A,A,A,A,A,A
chr12_6250320_6259053,B,B,B,B,B,B
chr12_8674715_8692174,B,A,A,B,A,A
chr12_8751096_8760001,B,A,A,B,A,A
chr12_8922150_8933296,B,A,A,B,A,B
chr12_11246683_11259909,B,A,A,B,A,B
chr12_11363477_11372500,B,B,A,B,B,B
chr12_12797478_12807567,B,A,A,B,B,A
chr12_13114005_13122283,B,A,A,B,B,B
chr12_13747202_13757644,B,B,A,B,B,B
chr12_16251010_16259958,B,A,A,B,B,B
chr12_21251336_21259990,B,A,A,A,A,A
chr12_21440179_21451991,B,A,A,B,A,A
chr12_26250232_26259965,A,B,A,A,B,A
chr12_28750337_28759984,A,A,A,A,A,A
chr12_29554767_29563270,B,B,A,A,A,B
chr12_30248516_30257877,B,A,B,B,B,B
chr12_31249295_31259971,B,A,B,B,B,B
chr12_33740081_33759912,B,B,B,B,B,B
chr12_34477220_34487666,B,A,B,B,A,B
chr12_35020777_35034477,B,A,B,B,A,B
chr12_36251796_36259982,B,B,B,B,B,B
chr12_38744774_38759960,B,B,B,B,B,B
chr12_41247723_41259991,B,A,B,B,B,B
chr12_43740047_43759986,B,B,B,B,B,B
chr12_45049261_45058891,B,A,B,B,B,B
chr12_46243747_46259990,B,B,B,B,B,B
chr12_48745336_48759923,B,B,B,B,B,B
chr12_49390472_49400609,B,B,B,B,B,B
chr12_51250805_51259996,B,B,B,B,B,B
chr12_51728105_51738956,A,A,B,B,A,A
chr12_52771686_52782239,A,A,A,B,A,A
chr12_53752097_53759875,A,A,B,B,B,A
chr12_56251996_56259962,B,B,B,B,A,B
chr12_58746284_58759962,B,B,B,B,B,B
chr12_61245198_61259981,B,B,B,B,B,B
chr12_63740038_63759912,B,B,B,B,B,B
chr12_66240088_66254070,B,B,B,B,B,B
chr12_67145402_67161007,B,B,B,B,B,B
chr12_68743964_68759997,B,B,B,B,B,B
chr12_69839883_69849631,A,A,A,A,A,A
chr12_70887309_70896119,A,A,A,A,A,A
chr12_71250841_71259932,A,A,A,A,A,A
chr12_72218403_72228021,A,A,A,A,A,A
chr12_73612028_73621391,A,A,A,A,A,A
chr12_73753106_73759979,A,A,A,A,A,A
chr12_75535945_75546269,A,A,A,A,A,A
chr12_76248668_76259909,A,A,A,A,A,A
chr12_78747444_78759724,A,A,A,A,A,A
chr12_81249485_81259974,A,A,A,A,A,A
chr12_83553580_83562760,A,A,A,A,A,A
chr12_83749229_83759719,A,A,A,A,A,A
chr12_84175875_84185545,A,A,A,A,A,A
chr12_84530726_84540669,A,A,A,A,A,A
chr12_85182028_85192933,A,A,A,A,A,A
chr12_86250386_86259929,A,A,A,A,A,A
chr12_86696931_86706198,A,A,A,A,A,A
chr12_88426776_88435310,B,B,A,B,A,B
chr12_88751394_88759994,B,B,A,B,B,B
chr12_89865625_89875931,B,B,A,B,B,B
chr12_90129596_90140772,B,B,A,B,B,B
chr12_91250550_91260000,B,B,B,B,B,B
chr12_93741108_93759995,B,B,B,B,B,B
chr12_96240257_96259939,B,B,B,B,B,B
chr12_98749755_98759928,A,A,A,B,A,A
chr12_103969935_103993088,B,B,B,A,B,B
chr12_106250408_106259966,A,B,A,A,B,A
chr12_108750719_108759995,A,A,A,A,A,A
chr12_110237886_110247430,A,B,A,A,B,A
chr12_110545415_110553555,A,A,A,A,A,A
chr12_111251106_111259957,A,A,A,A,A,A
chr12_112321201_112329791,A,A,A,A,B,A
chr12_113297448_113307996,B,B,B,B,A,B
chr12_113740149_113755820,B,B,B,B,B,B
chr12_116245811_116259868,B,A,B,B,B,B
chr12_118749933_118759999,B,B,B,B,B,B
chr12_118842046_118852127,B,B,B,B,B,B
chr13_3751270_3759959,B,A,B,B,B,B
chr13_6175054_6185515,B,B,B,B,B,B
chr13_6251252_6259863,B,B,B,B,B,B
chr13_8749743_8759884,B,B,B,B,B,A
chr13_9681114_9690751,B,A,B,B,B,A
chr13_11240000_11252746,B,B,B,B,B,B
chr13_13747157_13759988,B,B,B,B,B,A
chr13_13809387_13819532,B,B,B,B,B,A
chr13_15561333_15572082,B,B,B,B,B,A
chr13_16006298_16014642,B,B,B,B,B,A
chr13_16240000_16259969,B,B,B,B,B,A
chr13_18334871_18343979,B,B,B,B,B,B
chr13_18750773_18759986,B,B,B,B,B,A
chr13_18837738_18847924,B,B,B,B,B,A
chr13_21251147_21259986,B,A,B,B,A,A
chr13_23711650_23729238,B,A,B,B,A,A
chr13_23748656_23759876,B,A,B,B,A,A
chr13_26247670_26260000,B,B,B,B,B,B
chr13_28609190_28619146,B,A,B,B,A,A
chr13_28751299_28759924,B,A,B,B,B,B
chr13_31251958_31259864,B,A,B,B,B,A
chr13_32813840_32822933,B,A,B,B,B,A
chr13_36249666_36259656,A,A,A,A,A,A
chr13_36287855_36298216,A,A,A,A,A,A
chr13_37897256_37907607,B,A,A,A,A,A
chr13_38750954_38759970,B,A,A,B,B,A
chr13_40950270_40959477,B,A,A,A,A,A
chr13_41250311_41258392,A,A,A,A,A,A
chr13_41329855_41339326,A,A,A,A,A,A
chr13_43751750_43759954,A,A,A,A,A,A
chr13_43776233_43786083,A,A,A,A,A,A
chr13_44060288_44068734,A,A,A,A,A,A
chr13_44222343_44231583,A,A,A,A,A,A
chr13_44505501_44515958,A,A,A,A,A,A
chr13_45111656_45127542,A,A,A,A,A,A
chr13_46251583_46259981,A,A,A,A,A,A
chr13_46853512_46863552,A,A,A,A,A,A
chr13_48752352_48759999,A,A,A,A,A,A
chr13_51250173_51260001,B,A,B,B,A,B
chr13_52033382_52044636,A,A,B,A,A,A
chr13_53752337_53759996,A,A,A,A,A,A
chr13_56252830_56259982,A,A,A,A,A,A
chr13_57267666_57277648,A,A,A,A,A,A
chr13_58750990_58759981,A,B,B,A,A,A
chr13_59817053_59828651,A,A,B,A,A,B
chr13_60086731_60098126,B,A,B,B,A,B
chr13_60471271_60479826,B,A,B,B,A,B
chr13_61245022_61259939,B,B,B,B,B,B
chr13_62912109_62923972,B,A,B,B,B,B
chr13_63741991_63760001,B,A,B,B,B,B
chr13_64463093_64474824,B,B,B,B,B,B
chr13_68751030_68759971,B,B,B,B,B,B
chr13_69339900_69352020,B,B,B,B,B,B
chr13_70883515_70894173,B,A,B,B,A,B
chr13_71250016_71259873,B,B,B,B,B,B
chr13_73751405_73760001,B,A,B,B,A,B
chr13_75766185_75776283,B,B,B,B,B,B
chr13_76250376_76259927,B,B,B,B,B,B
chr13_78740359_78759828,B,B,B,B,B,B
chr13_81145803_81156292,B,B,B,B,B,B
chr13_81241445_81259934,B,B,B,B,B,B
chr13_83115029_83129049,B,B,B,B,B,B
chr13_83747545_83760001,B,B,B,B,B,B
chr13_84047997_84059591,B,B,B,B,B,B
chr13_86244168_86255987,B,B,B,B,B,B
chr13_88740274_88756922,B,B,B,B,B,B
chr13_88949850_88965434,B,B,B,B,B,B
chr13_89588542_89603412,B,B,B,B,B,B
chr13_91244293_91254929,B,B,B,B,B,B
chr13_93749993_93759899,A,A,A,A,A,A
chr13_96248726_96259784,A,A,A,A,A,B
chr13_97190467_97201508,A,A,A,A,A,A
chr13_98745164_98759978,A,A,A,A,A,A
chr13_99376296_99385390,A,A,A,A,A,A
chr13_101223548_101233255,A,B,A,A,A,A
chr13_101249468_101259994,A,B,A,A,A,A
chr13_101479616_101488607,A,B,A,A,A,A
chr13_103297780_103307041,A,B,A,A,A,A
chr13_103749074_103760001,A,A,A,A,A,A
chr13_106246971_106259943,B,B,A,B,B,B
chr13_106721683_106733865,B,B,A,B,A,B
chr13_108095981_108107351,A,B,A,A,A,A
chr13_108281675_108293302,A,A,A,A,B,A
chr13_108751926_108759986,A,B,A,A,B,B
chr13_111250633_111259986,A,B,A,A,B,A
chr13_111402714_111414250,A,A,A,A,A,A
chr13_111775195_111783856,A,A,A,A,A,A
chr13_111954580_111964608,A,A,A,A,A,A
chr13_113751645_113759976,B,A,A,B,A,B
chr13_116246986_116259999,B,B,B,B,B,B
chr13_118747239_118759890,B,B,B,B,B,B
chr13_119597799_119621022,B,B,B,B,B,B
chr14_11250871_11259960,B,A,B,B,B,B
chr14_13343844_13358259,B,B,B,B,B,B
chr14_13740043_13759945,B,B,B,B,B,B
chr14_14078362_14088993,B,A,B,B,B,B
chr14_15390502_15400891,B,B,B,B,B,B
chr14_16250178_16259769,B,A,B,B,B,B
chr14_18740021_18759896,B,B,B,B,B,B
chr14_21251113_21259920,A,A,A,A,A,A
chr14_21372928_21385139,A,A,A,A,A,A
chr14_21980907_21989470,A,A,A,A,A,A
chr14_23752239_23759971,A,B,A,A,A,A
chr14_26478105_26489842,A,A,A,A,A,A
chr14_28750067_28759634,A,B,A,A,B,A
chr14_29074166_29082793,A,B,A,A,B,A
chr14_29356973_29366933,A,B,A,A,B,A
chr14_31165564_31174151,A,A,A,A,A,A
chr14_31253275_31259970,A,A,A,A,A,A
chr14_32021524_32029968,A,A,A,A,A,A
chr14_32570063_32579525,A,A,A,A,A,A
chr14_33751214_33760001,A,B,B,A,A,A
chr14_34209485_34219747,A,A,B,A,A,A
chr14_34364789_34384789,A,A,B,B,A,A
chr14_36249689_36259928,B,B,B,B,B,B
chr14_38745322_38759962,B,B,B,B,B,B
chr14_40928282_40937072,B,A,B,B,A,B
chr14_45584244_45595088,B,A,B,B,B,A
chr14_46247715_46259994,B,B,B,B,B,B
chr14_46945938_46955215,B,A,B,B,A,A
chr14_48191220_48199523,B,A,B,B,A,B
chr14_48750260_48759525,B,B,B,B,B,B
chr14_51242059_51259985,B,A,B,B,A,B
chr14_55510996_55519111,A,A,A,A,A,A
chr14_56240036_56259805,B,A,A,B,B,A
chr14_57533609_57542371,A,A,A,B,A,A
chr14_57569818_57575622,A,A,A,B,A,A
chr14_57712711_57722721,A,A,A,B,A,A
chr14_57905599_57918471,B,A,A,B,A,A
chr14_58092719_58103393,B,A,A,B,A,A
chr14_58748988_58759987,B,A,A,B,B,B
chr14_59223188_59234011,B,A,A,B,A,A
chr14_59717727_59727388,A,A,A,B,A,A
chr14_61251132_61259969,A,A,A,A,A,A
chr14_61643602_61669093,A,A,A,A,A,A
chr14_61816645_61829589,A,A,A,A,A,A
chr14_62201869_62214743,A,A,A,A,A,A
chr14_62893715_62905999,A,A,A,A,A,A
chr14_63144320_63154537,A,A,A,A,A,A
chr14_63752050_63759987,A,A,A,A,A,A
chr14_65548793_65558510,A,A,A,A,A,A
chr14_65974938_65984672,A,A,A,A,A,A
chr14_66250141_66259970,A,A,A,A,A,A
chr14_67906196_67916007,B,A,A,A,B,A
chr14_68741870_68759859,B,B,B,A,B,B
chr14_69833595_69844220,A,A,A,A,A,A
chr14_70324567_70333878,A,A,A,A,A,A
chr14_71252210_71259990,A,A,A,A,B,B
chr14_73746592_73759989,A,A,A,A,B,B
chr14_75508372_75517993,A,A,A,A,A,B
chr14_75895187_75904234,A,A,A,A,A,A
chr14_76251525_76259974,A,A,A,A,A,A
chr14_76452685_76462211,A,A,A,A,A,A
chr14_78748918_78759991,A,A,B,B,A,B
chr14_79521604_79532564,A,A,B,B,A,B
chr14_79944341_79958147,B,B,B,B,B,B
chr14_80260354_80269014,B,B,B,B,B,B
chr14_81247438_81259907,B,B,B,B,B,B
chr14_83740053_83759493,B,B,B,B,B,B
chr14_86250724_86259900,B,B,B,B,B,B
chr14_88743059_88759380,B,B,B,B,B,B
chr14_91246185_91259322,B,B,B,B,B,B
chr14_93743020_93759980,B,B,B,B,B,A
chr14_96240169_96258761,B,B,B,B,B,B
chr14_98743990_98754461,B,B,B,B,B,B
chr14_99570143_99579771,B,B,B,B,B,B
chr14_101245749_101259608,B,A,B,B,B,B
chr14_102810025_102825730,B,A,B,B,A,B
chr14_103137224_103148615,B,A,A,B,A,B
chr14_103450051_103459881,B,B,B,B,A,B
chr14_103751842_103759998,B,A,B,B,B,B
chr14_105305199_105317266,B,A,B,B,A,B
chr14_106245893_106259965,B,B,B,B,B,B
chr14_108745130_108759996,B,B,B,B,B,B
chr14_108802390_108832728,B,B,B,B,B,B
chr14_111241036_111259965,B,B,B,B,B,B
chr14_113740315_113759580,B,B,B,B,B,B
chr14_114880553_114890040,B,B,B,B,B,B
chr14_116246600_116259774,A,B,B,B,B,B
chr14_118746778_118757514,A,A,B,B,A,B
chr14_119235983_119254612,B,B,B,A,B,B
chr14_119659877_119669293,B,B,A,A,B,B
chr14_120854156_120866025,A,A,A,A,B,A
chr14_121252732_121260001,A,A,A,A,A,A
chr14_122005315_122016032,A,A,A,A,A,A
chr14_123748353_123759999,B,B,A,A,B,B
chr15_3748668_3759992,B,B,B,B,B,B
chr15_6248179_6259974,B,A,B,B,A,B
chr15_6552960_6562358,B,A,B,B,A,B
chr15_7204839_7213917,B,A,A,B,A,B
chr15_8420991_8433726,B,A,B,B,A,B
chr15_8745661_8759984,A,A,B,B,A,B
chr15_11249715_11259980,B,B,B,B,B,B
chr15_12462414_12470577,B,A,B,B,B,B
chr15_13126003_13136573,B,B,B,B,B,B
chr15_13748757_13759999,B,B,B,B,B,B
chr15_16246326_16259954,B,B,B,B,B,B
chr15_16782991_16803787,B,B,B,B,B,B
chr15_18746519_18759809,B,B,B,B,B,B
chr15_18925165_18940508,B,B,B,B,B,B
chr15_21247205_21259999,B,B,B,B,B,B
chr15_23742803_23760001,B,B,B,B,B,B
chr15_24996756_25008760,B,B,B,B,B,B
chr15_26240078_26260000,B,B,B,B,B,B
chr15_28212072_28223564,B,B,B,B,B,B
chr15_28747871_28759983,B,B,B,B,B,B
chr15_30270136_30296855,B,B,A,B,B,B
chr15_31253328_31259968,B,A,B,B,B,B
chr15_33749854_33759967,B,B,B,B,B,B
chr15_36246566_36259946,B,A,A,A,B,B
chr15_36500146_36509435,A,A,A,A,A,B
chr15_40911039_40923666,B,B,B,B,B,B
chr15_41241686_41259946,B,B,B,B,B,B
chr15_43744645_43759393,B,B,B,B,B,B
chr15_44746801_44755318,B,B,B,B,B,B
chr15_45103030_45116995,B,B,B,B,B,B
chr15_46240077_46259715,B,B,B,B,B,B
chr15_48744772_48759989,B,B,B,B,B,B
chr15_50704737_50716490,B,B,B,B,B,B
chr15_51249067_51259956,B,B,B,B,B,B
chr15_52774462_52793408,B,B,B,B,B,B
chr15_53749920_53760000,B,B,B,B,B,B
chr15_56243519_56254702,B,B,B,B,B,B
chr15_58195603_58204181,B,B,B,B,A,B
chr15_58751813_58759974,A,B,B,B,A,B
chr15_60843778_60863778,B,B,B,B,B,B
chr15_61247554_61259961,B,B,B,B,B,B
chr15_63751912_63759855,B,B,B,B,B,B
chr15_66251811_66259990,B,B,B,B,B,B
chr15_67129340_67138277,B,A,B,B,B,B
chr15_68717372_68729146,B,B,B,B,B,B
chr15_68752128_68759987,B,B,B,B,B,B
chr15_68958826_68967571,B,B,B,B,B,B
chr15_71250176_71259934,B,B,B,B,B,B
chr15_71919227_71928812,B,B,B,B,B,B
chr15_73752351_73759999,A,A,A,A,A,A
chr15_76251370_76259993,A,A,A,A,A,A
chr15_76300048_76307576,A,A,A,A,A,A
chr15_76455894_76463738,A,A,A,A,A,A
chr15_78196400_78216400,A,A,A,A,A,A
chr15_78753218_78759997,A,A,A,A,A,A
chr15_79155240_79175240,A,A,A,A,A,A
chr15_80706151_80715644,A,A,A,A,A,A
chr15_81250473_81260001,A,A,A,A,A,A
chr15_81540277_81555045,A,A,A,A,A,A
chr15_81699339_81711162,A,A,A,A,A,A
chr15_83412673_83423796,A,A,A,A,A,A
chr15_83751943_83759997,A,A,A,A,A,A
chr15_86251643_86259957,A,A,A,A,A,A
chr15_88513938_88523402,A,B,A,A,A,A
chr15_88750514_88759984,A,A,A,A,A,A
chr15_88842320_88851254,A,A,A,A,A,A
chr15_91251386_91259965,A,B,A,A,B,A
chr15_92233257_92244730,A,B,A,A,B,B
chr15_93506606_93516280,A,A,A,A,B,A
chr15_93749562_93759982,A,B,B,A,B,B
chr15_95062773_95072561,A,B,A,A,B,B
chr15_96249522_96259954,A,A,A,A,B,A
chr15_96290116_96305070,A,A,A,A,A,A
chr15_98747656_98759982,A,A,A,A,A,A
chr15_101251612_101259962,A,A,A,A,A,A
chr15_101851871_101860220,A,A,A,A,A,A
chr15_103529162_103537591,A,B,B,B,A,A
chr15_103742236_103759885,B,B,B,B,B,A
chr16_3746544_3759842,B,A,A,A,A,A
chr16_5172569_5183687,A,A,A,A,A,A
chr16_6244626_6259978,B,B,A,A,B,A
chr16_8748484_8759950,A,A,A,A,A,A
chr16_10362859_10372297,A,A,A,A,A,A
chr16_11250272_11259604,A,A,A,A,A,A
chr16_13746136_13759980,A,A,A,A,A,A
chr16_16249831_16259990,B,B,A,A,A,A
chr16_18748348_18759789,B,A,A,A,A,A
chr16_21162400_21187682,B,A,A,A,A,A
chr16_21251746_21260000,A,A,A,A,A,A
chr16_22804352_22813220,A,A,A,A,A,A
chr16_23671902_23681140,A,B,A,B,A,A
chr16_23740016_23759943,A,B,A,B,A,A
chr16_23880958_23900958,A,B,A,B,A,A
chr16_23974191_23982896,A,A,A,B,A,A
chr16_26031000_26041962,A,B,A,B,A,B
chr16_26246195_26256520,B,B,B,B,A,B
chr16_28611765_28623422,B,B,A,B,B,B
chr16_28749700_28759999,B,B,A,B,B,B
chr16_28869209_28878343,A,A,A,B,A,B
chr16_29150114_29168037,B,B,A,B,A,B
chr16_31248910_31259937,A,A,A,A,A,A
chr16_32496815_32506412,A,A,A,A,A,A
chr16_32681550_32694765,A,A,A,A,A,A
chr16_33749783_33759816,A,A,A,A,A,A
chr16_34984662_34992299,A,A,A,A,A,A
chr16_35756965_35770055,A,A,A,A,A,B
chr16_36242473_36259100,A,B,B,A,B,B
chr16_36642517_36651936,A,B,B,A,A,B
chr16_38210833_38221665,A,A,A,A,A,B
chr16_38751910_38759991,A,A,A,B,A,B
chr16_41248159_41259990,A,B,A,B,B,B
chr16_41536946_41547906,A,B,A,B,B,B
chr16_42294880_42304770,A,A,A,B,B,B
chr16_42916381_42928359,A,A,B,B,A,B
chr16_43751609_43759978,A,A,B,B,B,B
chr16_43952198_43961899,A,A,A,B,B,B
chr16_44253125_44261936,A,A,B,B,B,B
chr16_46248681_46260000,B,B,B,B,B,B
chr16_48747409_48759999,B,B,B,B,B,B
chr16_50716194_50725308,B,A,B,B,B,B
chr16_51242067_51259984,B,B,B,B,B,B
chr16_52112184_52123710,B,B,B,B,B,B
chr16_53740049_53759840,B,B,B,B,B,B
chr16_56250052_56259951,B,B,B,B,B,B
chr16_58480348_58489387,B,A,B,B,A,B
chr16_58745230_58759995,B,A,B,B,B,B
chr16_61240991_61259970,B,B,B,B,B,B
chr16_63745850_63759586,B,B,B,B,B,B
chr16_66240386_66259991,B,B,B,B,B,B
chr16_67578897_67609116,B,B,B,B,B,B
chr16_68749251_68759895,B,B,B,B,B,B
chr16_71247897_71259980,B,B,B,B,B,B
chr16_73749011_73759967,B,B,B,B,B,B
chr16_74139205_74152106,B,B,B,B,B,B
chr16_76249954_76259884,B,A,B,B,B,B
chr16_77417968_77429420,B,B,B,B,B,B
chr16_77636361_77662128,B,B,B,B,A,B
chr16_78582213_78592487,B,A,B,B,B,B
chr16_78746911_78759962,B,B,B,B,B,B
chr16_81245907_81259980,B,B,B,B,B,B
chr16_83741515_83760000,B,B,B,B,B,B
chr16_86250092_86259997,B,B,B,B,B,B
chr16_88156732_88171169,B,B,B,B,B,B
chr16_88748079_88759967,B,B,B,B,B,B
chr16_89560673_89570395,B,B,B,B,B,B
chr16_90960147_90971159,A,A,A,A,A,A
chr16_91245598_91259983,A,A,A,A,A,A
chr16_93752120_93759945,A,A,A,A,A,A
chr16_93999696_94009421,A,A,A,A,A,A
chr16_94295909_94308749,A,A,A,A,A,A
chr16_94450013_94460369,A,A,A,A,A,A
chr16_95411676_95422401,A,A,A,A,B,B
chr16_96247978_96259899,A,A,A,A,A,A
chr16_97727882_97736787,A,A,A,A,B,A
chr17_3748765_3760001,A,B,B,B,B,B
chr17_6788605_6798500,A,A,A,A,A,A
chr17_8752587_8760000,A,B,A,A,A,A
chr17_11250040_11259911,A,B,A,A,A,A
chr17_11720744_11731478,A,B,A,A,A,A
chr17_13749997_13759997,B,A,B,B,A,B
chr17_13874515_13886447,B,A,B,B,B,B
chr17_15375655_15383354,B,A,B,B,A,B
chr17_16248664_16259972,B,B,B,B,B,B
chr17_18745059_18759066,B,B,B,B,B,B
chr17_21240004_21258865,B,B,B,B,B,B
chr17_23534089_23545770,B,A,B,B,A,B
chr17_23749888_23759904,A,A,A,B,A,A
chr17_24066479_24075541,A,A,A,A,A,A
chr17_26244544_26259946,A,A,A,A,A,A
chr17_28748105_28759540,A,A,A,A,A,A
chr17_31249338_31260001,A,A,A,A,A,A
chr17_31828338_31836011,A,A,A,A,A,A
chr17_33752074_33759960,A,A,A,A,A,A
chr17_34118482_34127312,A,A,A,A,A,A
chr17_35532318_35547941,A,A,A,A,A,A
chr17_36249576_36259999,B,A,B,B,A,B
chr17_38740076_38759969,B,B,B,B,B,B
chr17_41248556_41259959,B,B,B,B,B,B
chr17_43054291_43063616,B,A,B,B,B,B
chr17_43750175_43759987,B,A,A,B,B,B
chr17_44232723_44241510,A,A,A,A,B,B
chr17_46252234_46259998,A,A,A,A,A,A
chr17_46849154_46862188,A,A,A,A,A,A
chr17_48385421_48394913,B,A,B,A,A,A
chr17_48573588_48583264,B,B,B,A,B,B
chr17_48751772_48759974,B,B,B,A,B,B
chr17_48798642_48808511,B,B,B,A,B,B
chr17_49510233_49518985,A,B,B,A,B,A
chr17_50159754_50169707,B,A,B,B,B,A
chr17_51248682_51259969,B,B,B,B,B,B
chr17_51773414_51783042,B,B,B,B,B,B
chr17_53598827_53619199,B,B,B,B,B,B
chr17_53743187_53759584,B,B,B,B,B,B
chr17_55287234_55297412,B,B,B,B,B,B
chr17_56250953_56259986,A,A,A,A,A,A
chr17_56904823_56914975,B,A,B,B,A,A
chr17_57301064_57311138,B,B,B,B,A,B
chr17_58749638_58758013,B,B,B,B,B,B
chr17_61242646_61259967,B,B,B,B,B,B
chr17_62686135_62696470,B,B,B,B,B,B
chr17_63749417_63759986,B,B,B,B,B,B
chr17_66251012_66259999,A,A,A,A,B,B
chr17_67457809_67466771,B,A,A,A,B,B
chr17_68750406_68759997,B,B,A,A,B,B
chr17_71252612_71259966,A,B,A,A,A,B
chr17_73248077_73256261,B,B,A,A,B,B
chr17_73751388_73759983,B,B,A,A,B,B
chr17_73913910_73922684,B,A,A,A,B,B
chr17_75491357_75502189,B,A,B,B,A,B
chr17_76243501_76259979,B,B,B,B,B,B
chr17_78748158_78759953,A,A,A,B,B,B
chr17_80173968_80184698,A,A,A,A,A,B
chr17_81246004_81259969,B,B,A,A,B,B
chr17_83568673_83578433,B,B,A,A,A,B
chr17_83749140_83759740,A,A,A,A,A,A
chr17_84495097_84507590,A,A,A,A,A,A
chr17_84903230_84914445,A,A,A,A,A,A
chr17_86251941_86259784,A,A,A,A,A,A
chr17_88752465_88760001,B,B,B,B,B,B
chr17_89346720_89359845,B,B,B,B,B,B
chr17_90081011_90092004,B,B,B,A,B,B
chr17_90349499_90361278,A,B,B,A,B,B
chr17_91240011_91258866,B,B,B,B,B,B
chr17_93740088_93759688,B,B,B,B,B,B
chr18_3740013_3759954,unassigned,unassigned,unassigned,A,unassigned,unassigned
chr18_6245525_6256029,unassigned,unassigned,unassigned,B,unassigned,unassigned
chr18_6969332_6981478,unassigned,unassigned,unassigned,B,unassigned,unassigned
chr18_8751060_8759962,unassigned,unassigned,unassigned,B,unassigned,unassigned
chr18_11248958_11259646,unassigned,unassigned,unassigned,B,unassigned,unassigned
chr18_13751864_13759962,unassigned,unassigned,unassigned,B,unassigned,unassigned
chr18_15400982_15420982,unassigned,unassigned,unassigned,B,unassigned,unassigned
chr18_15420635_15430854,unassigned,unassigned,unassigned,B,unassigned,unassigned
chr18_16249668_16260001,unassigned,unassigned,unassigned,B,unassigned,unassigned
chr18_18743382_18759727,unassigned,unassigned,unassigned,B,unassigned,unassigned
chr18_21177743_21186774,unassigned,unassigned,unassigned,B,unassigned,unassigned
chr18_21252243_21259983,unassigned,unassigned,unassigned,B,unassigned,unassigned
chr18_23751547_23759968,unassigned,unassigned,unassigned,B,unassigned,unassigned
chr18_24115969_24126881,unassigned,unassigned,unassigned,A,unassigned,unassigned
chr18_24451335_24462709,unassigned,unassigned,unassigned,A,unassigned,unassigned
chr18_24800347_24810452,unassigned,unassigned,unassigned,A,unassigned,unassigned
chr18_26246003_26259974,unassigned,unassigned,unassigned,B,unassigned,unassigned
chr18_28740801_28759965,unassigned,unassigned,unassigned,B,unassigned,unassigned
chr18_31244964_31259982,unassigned,unassigned,unassigned,B,unassigned,unassigned
chr18_31961025_31969298,unassigned,unassigned,unassigned,A,unassigned,unassigned
chr18_32971777_32983929,unassigned,unassigned,unassigned,A,unassigned,unassigned
chr18_33751923_33759934,unassigned,unassigned,unassigned,A,unassigned,unassigned
chr18_34090127_34119488,unassigned,unassigned,unassigned,A,unassigned,unassigned
chr18_35508080_35521764,unassigned,unassigned,unassigned,A,unassigned,unassigned
chr18_36248668_36259903,unassigned,unassigned,unassigned,A,unassigned,unassigned
chr18_36696553_36715247,unassigned,unassigned,unassigned,A,unassigned,unassigned
chr18_37167447_37178559,unassigned,unassigned,unassigned,A,unassigned,unassigned
chr18_38751504_38759752,unassigned,unassigned,unassigned,A,unassigned,unassigned
chr18_39914534_39926041,unassigned,unassigned,unassigned,A,unassigned,unassigned
chr18_41249297_41259897,unassigned,unassigned,unassigned,A,unassigned,unassigned
chr18_41779834_41796831,unassigned,unassigned,unassigned,A,unassigned,unassigned
chr18_42097387_42108738,unassigned,unassigned,unassigned,A,unassigned,unassigned
chr18_43745050_43759978,unassigned,unassigned,unassigned,B,unassigned,unassigned
chr18_45614973_45625314,unassigned,unassigned,unassigned,B,unassigned,unassigned
chr18_46187426_46201168,unassigned,unassigned,unassigned,B,unassigned,unassigned
chr18_46250135_46259783,unassigned,unassigned,unassigned,B,unassigned,unassigned
chr18_48742932_48758376,unassigned,unassigned,unassigned,B,unassigned,unassigned
chr18_49626689_49637493,unassigned,unassigned,unassigned,B,unassigned,unassigned
chr18_50039576_50049960,unassigned,unassigned,unassigned,B,unassigned,unassigned
chr18_51249092_51259882,unassigned,unassigned,unassigned,B,unassigned,unassigned
chr18_53281270_53292046,unassigned,unassigned,unassigned,B,unassigned,unassigned
chr18_53750009_53759914,unassigned,unassigned,unassigned,B,unassigned,unassigned
chr18_56034399_56046092,unassigned,unassigned,unassigned,B,unassigned,unassigned
chr18_56250431_56259966,unassigned,unassigned,unassigned,B,unassigned,unassigned
chr18_57272072_57281005,unassigned,unassigned,unassigned,B,unassigned,unassigned
chr18_58748933_58759993,unassigned,unassigned,unassigned,B,unassigned,unassigned
chr18_59262893_59280530,unassigned,unassigned,unassigned,B,unassigned,unassigned
chr18_61250955_61258567,unassigned,unassigned,unassigned,A,unassigned,unassigned
chr18_63746719_63759994,unassigned,unassigned,unassigned,A,unassigned,unassigned
chr18_63760021_63770842,unassigned,unassigned,unassigned,A,unassigned,unassigned
chr18_64612459_64624494,unassigned,unassigned,unassigned,A,unassigned,unassigned
chr18_65894510_65906268,unassigned,unassigned,unassigned,A,unassigned,unassigned
chr18_66251268_66259968,unassigned,unassigned,unassigned,A,unassigned,unassigned
chr18_68750277_68759967,unassigned,unassigned,unassigned,A,unassigned,unassigned
chr18_68966023_68975998,unassigned,unassigned,unassigned,A,unassigned,unassigned
chr18_71250625_71259847,unassigned,unassigned,unassigned,B,unassigned,unassigned
chr18_73751252_73759734,unassigned,unassigned,unassigned,A,unassigned,unassigned
chr18_74495819_74504822,unassigned,unassigned,unassigned,A,unassigned,unassigned
chr18_74707834_74716517,unassigned,unassigned,unassigned,A,unassigned,unassigned
chr18_76250968_76260000,unassigned,unassigned,unassigned,A,unassigned,unassigned
chr18_78001675_78011750,unassigned,unassigned,unassigned,A,unassigned,unassigned
chr18_78752280_78759991,unassigned,unassigned,unassigned,A,unassigned,unassigned
chr18_80975369_80984740,unassigned,unassigned,unassigned,A,unassigned,unassigned
chr18_81251026_81260001,unassigned,unassigned,unassigned,A,unassigned,unassigned
chr18_83750134_83759994,unassigned,unassigned,unassigned,A,unassigned,unassigned
chr18_85332696_85344557,unassigned,unassigned,unassigned,B,unassigned,unassigned
chr18_86240097_86259884,unassigned,unassigned,unassigned,B,unassigned,unassigned
chr18_88747414_88759971,unassigned,unassigned,unassigned,B,unassigned,unassigned
chr19_3665068_3674589,A,A,B,B,A,unassigned
chr19_3746331_3759074,A,A,B,B,A,unassigned
chr19_3870582_3880008,A,A,B,B,A,unassigned
chr19_5661977_5670182,A,A,B,B,A,unassigned
chr19_6253105_6259999,A,A,B,B,A,unassigned
chr19_6296114_6304474,A,A,B,B,A,unassigned
chr19_7132233_7140214,A,A,B,B,A,unassigned
chr19_8560165_8581310,B,A,B,B,A,unassigned
chr19_8749899_8759800,B,A,B,B,A,unassigned
chr19_10712968_10721926,B,B,B,B,A,unassigned
chr19_10946469_10958550,B,B,B,B,A,unassigned
chr19_11251370_11259820,B,B,B,B,A,unassigned
chr19_12471732_12480838,B,B,B,B,A,unassigned
chr19_13740063_13759965,B,B,B,B,B,unassigned
chr19_15798183_15810721,B,B,B,A,B,unassigned
chr19_16252365_16260001,B,A,A,A,A,unassigned
chr19_17314559_17337782,B,B,A,A,A,unassigned
chr19_18750800_18759988,B,B,A,A,B,unassigned
chr19_19101196_19121196,B,B,A,A,B,unassigned
chr19_20537560_20551687,B,B,A,A,B,unassigned
chr19_21250205_21260001,B,B,A,A,B,unassigned
chr19_21730870_21741106,B,B,A,A,B,unassigned
chr19_23582755_23592673,A,B,A,A,B,unassigned
chr19_23749752_23759996,A,B,A,A,B,unassigned
chr19_24645155_24654305,B,A,A,A,B,unassigned
chr19_24982125_24991654,A,B,A,A,A,unassigned
chr19_26249288_26259986,B,B,A,A,B,unassigned
chr19_27559261_27570956,A,B,A,A,B,unassigned
chr19_28382169_28390597,A,B,A,A,B,unassigned
chr19_28607480_28615440,A,B,A,A,B,unassigned
chr19_28749247_28759936,A,A,A,A,B,unassigned
chr19_29892268_29903601,B,B,A,A,B,unassigned
chr19_31249516_31259998,B,B,A,A,B,unassigned
chr19_32933379_32942873,B,B,A,A,A,unassigned
chr19_33250906_33262888,B,B,A,A,B,unassigned
chr19_36222386_36232159,B,B,A,A,B,unassigned
chr19_36251292_36259856,B,B,A,A,B,unassigned
chr19_36733572_36744679,B,B,A,A,B,unassigned
chr19_37486319_37506465,B,A,A,B,B,unassigned
chr19_38000794_38010533,B,B,B,B,B,unassigned
chr19_38748574_38759999,B,B,B,B,B,unassigned
chr19_41073627_41083393,B,B,B,B,A,unassigned
chr19_41248886_41259969,B,A,B,B,A,unassigned
chr19_41318138_41327273,A,B,B,B,A,unassigned
chr19_42001331_42011008,A,A,B,B,A,unassigned
chr19_43749394_43759990,A,A,B,B,A,unassigned
chr19_45915233_45925924,A,A,B,B,A,unassigned
chr19_46252028_46259853,A,A,B,B,A,unassigned
chr19_47649642_47658903,A,A,B,B,A,unassigned
chr19_48690538_48700156,B,B,A,A,B,unassigned
chr19_48751335_48759993,B,B,A,A,B,unassigned
chr19_51240975_51259942,B,B,A,A,B,unassigned
chr19_53752016_53760001,A,A,A,B,B,unassigned
chr19_56250020_56259971,A,B,A,A,B,unassigned
chr19_58748508_58759979,A,B,A,A,B,unassigned
chr19_58830419_58839344,B,B,A,B,B,unassigned
chr19_59036844_59050456,A,B,A,B,B,unassigned
chr19_59406809_59416471,A,B,A,A,B,unassigned
chr19_61243505_61260000,B,B,B,B,B,unassigned
chrX_6251289_6260001,B,A,B,A,B,B
chrX_11252408_11259994,B,A,B,A,B,B
chrX_13742251_13759996,B,A,B,A,B,B
chrX_16240013_16258620,B,A,B,A,B,B
chrX_18740016_18759980,B,A,B,A,B,B
chrX_21246116_21254576,B,A,B,A,B,B
chrX_23742166_23759800,B,A,B,A,B,B
chrX_36247056_36259801,B,A,B,A,B,B
chrX_38748472_38759587,B,A,B,A,B,B
chrX_41244470_41259864,B,A,B,A,B,B
chrX_43740000_43757195,B,B,B,A,B,B
chrX_46248326_46259985,B,B,B,A,B,B
chrX_51241370_51256067,B,A,B,A,B,B
chrX_53752407_53759853,B,A,B,A,B,B
chrX_56241726_56259819,B,A,B,A,B,B
chrX_58747434_58759996,B,B,B,A,B,B
chrX_61240330_61259175,B,B,A,B,B,B
chrX_63743031_63759849,B,B,A,B,B,B
chrX_66246542_66259902,B,B,A,B,B,B
chrX_68740368_68759516,B,A,A,B,B,B
chrX_71248804_71259990,B,A,A,A,A,B
chrX_73473602_73493602,B,A,A,A,A,A
chrX_73752056_73759971,B,A,A,A,A,A
chrX_76242870_76259330,B,A,A,B,B,B
chrX_78751120_78759997,B,B,A,B,B,B
chrX_81241741_81260001,B,B,A,B,B,B
chrX_83740409_83759907,B,B,A,B,B,B
chrX_86240680_86259999,B,B,A,B,B,B
chrX_88747642_88759231,B,B,A,B,B,B
chrX_91240201_91259931,B,B,A,B,B,B
chrX_93282444_93298551,B,A,A,B,A,A
chrX_93751757_93759951,B,A,A,B,A,A
chrX_96243470_96258032,B,A,A,B,A,B
chrX_98750309_98759993,A,A,A,B,A,A
chrX_99036789_99044803,A,A,A,B,A,A
chrX_101252988_101259982,B,A,A,A,A,A
chrX_101961397_101974103,A,A,A,A,A,A
chrX_103747647_103759834,A,A,A,A,A,A
chrX_106242526_106259538,B,A,B,A,A,A
chrX_108746745_108759986,A,A,B,A,A,A
chrX_113741356_113759966,B,A,B,B,A,A
chrX_116240181_116259555,A,B,B,B,A,A
chrX_118740331_118756073,A,B,B,B,A,A
chrX_121240154_121259878,A,B,B,B,A,A
chrX_128743742_128759239,A,B,B,B,A,A
chrX_131245946_131259984,A,B,B,A,A,A
chrX_133751879_133759965,A,A,B,B,A,A
chrX_136250172_136259999,A,A,B,A,A,A
chrX_136808741_136818926,A,A,B,A,A,A
chrX_138748283_138759979,A,B,B,A,A,A
chrX_140517829_140527051,A,A,B,A,A,A
chrX_141244904_141260001,A,B,B,A,A,A
chrX_143745316_143759954,A,B,B,A,A,A
chrX_146246596_146260000,A,B,B,A,A,A
chrX_151244970_151259694,A,A,B,A,A,A
chrX_153743904_153759903,A,A,B,A,A,A
chrX_156242675_156257265,A,B,B,A,A,A
chrX_158749404_158759978,A,B,B,A,A,A
chrX_161247067_161259813,A,A,A,A,A,A
chrX_163750534_163758706,A,A,A,A,A,A
chrX_166247682_166259932,A,A,A,A,A,A
chrX_167157164_167167452,A,A,A,A,A,A
chrX_168746045_168757590,A,A,A,A,A,A
chrX_169963295_170005197,A,A,B,A,A,A
