,majorType,chr,pc1,pc2,pc1_RNA_p,pc1_RNA_r,pc1_ATAC_p,pc1_ATAC_r,pc2_RNA_p,pc2_RNA_r,pc2_ATAC_p,pc2_ATAC_r,pc1_explained_ratio,pc2_explained_ratio
0,Endo,chr1,"[-1.41264024 -1.12523354 -1.20286741 -1.29874764 -1.06786074 -0.42078828
 -1.30179079 -1.34871966 -1.11302541 -1.04567161 -1.0293487  -1.25783469
 -1.30054726 -0.26579718 -1.12756676 -0.95861284 -1.06035947 -1.222822
 -1.11323562 -1.18191999 -0.69477737 -0.98196807 -0.25438756 -0.23058809
 -0.23388203 -0.73624736 -0.58183988  0.06674419 -1.12715641 -1.04011967
 -1.09901796 -0.53040516 -1.00896841 -1.23918872 -1.05229637 -0.98470028
 -0.98029061 -0.97069621 -0.9645447  -0.30513683 -0.58269851 -1.09976062
 -0.76699312 -1.35670463 -1.13262278 -0.32039567  0.01308065 -0.13504121
 -0.37016475 -0.38863803 -0.6310446  -0.60420721 -0.97830663 -1.23446426
 -1.18158107 -1.19327711 -1.26483398 -1.04509144 -0.62181109  0.10122911
 -1.10362963 -0.68995611 -0.67759419 -0.97207617 -1.00917711  0.35410687
 -1.04056977 -1.33381007 -1.30897695 -0.94012981 -0.94071845 -1.16630544
 -1.22729155 -0.28889014 -0.39480917 -0.02423558  0.12450726 -0.18561676
 -0.22087123 -0.35630129 -0.47305548 -0.97335715 -1.03286991 -1.26486944
 -1.23507139 -0.97936423 -0.38958362 -0.11479053 -0.83978039 -0.09851529
  0.12290547  0.50609459  0.70190395  1.06594139  1.211206    1.2525796
  1.09227421  1.213729    1.09145703  1.01875416  1.17357177  1.29948205
  1.12179633  0.98555157  1.1619585   1.08822099  1.05186964  1.04671847
  0.88455341  1.20354833  1.1504657   1.11858052  1.05384932  1.11787754
  0.98706469  0.77957686  0.94739372  1.04452106  1.03244074  1.17811134
  1.20136239  1.29009872  1.22037652  1.12950367  1.15990467  0.95440858
  1.10455107  1.15312294  1.11112584  1.15828297  1.22412351  1.1002901
  1.23532173  1.28772465  1.01220263  1.12011175  1.30271744  1.12729266
  1.2992075   0.9714093   1.03292602  1.07697679  1.1565546   1.18817242
  1.09265942  1.22484145  1.25437178  1.20921595  1.20365998  1.26243047
  1.01226749  1.24400254  1.19060941]","[-1.04104164e-01 -1.36393022e+00  7.88752582e-01 -3.01895840e-01
 -1.27027461e+00 -1.46806825e+00  1.37432376e-02 -2.53219839e-01
  9.81183385e-01 -9.11531850e-01 -8.15788783e-01  5.68686440e-01
  8.21146691e-01 -1.62906326e+00 -6.83412328e-01 -8.14596075e-01
 -4.77416300e-01  7.83265919e-01  1.01083295e+00  5.14869856e-01
 -1.38472285e+00  1.59297845e-01 -1.27356603e+00 -1.91364558e+00
 -1.62840757e+00 -2.09111160e-01 -7.68993364e-01 -1.99667212e+00
  5.40732641e-01 -1.63970881e-01 -5.23460414e-01 -1.00943047e+00
 -1.15134979e-01  1.14974773e+00 -4.54967160e-01 -1.03430067e+00
 -7.41339062e-01 -9.13442929e-01 -8.61720892e-01 -1.35910776e+00
 -1.76115076e+00 -4.75035014e-01 -1.86228886e-01  3.65541257e-01
 -3.19138915e-01 -2.84169691e-01 -2.07385998e+00 -1.96673068e+00
 -1.75898083e+00 -1.54377036e+00 -8.92289519e-01 -1.06529336e+00
 -1.20910907e+00  2.44876923e-01  1.13899862e+00  7.95246943e-01
  8.64077704e-01 -2.78160793e-01 -3.15165375e-01 -1.12304158e+00
 -8.41828990e-05 -5.53796893e-01 -1.40108926e+00  1.44890971e-01
  5.33002239e-01 -1.41281056e-02 -7.53058877e-01  7.50996398e-01
  5.85914003e-01 -1.10692378e-01  3.15839796e-01  6.14257277e-02
  2.46038750e-01 -1.34803431e+00 -1.10845074e+00 -2.07418585e+00
 -2.04379274e+00 -1.74949106e+00 -1.78233760e+00 -1.66849610e+00
 -1.65256410e+00  8.82775672e-02 -5.39130831e-01  9.12648511e-01
  1.12228979e+00  1.47689676e+00 -1.22695375e+00 -8.60121634e-01
  1.48441413e+00  1.90832838e+00  1.95813185e+00  1.81522770e+00
  1.92435087e+00  5.05611204e-01 -5.85055756e-01 -2.07173890e-01
  4.67030546e-01 -5.18763916e-02  1.30333459e+00  1.62733594e+00
  7.50672756e-01  8.91505910e-02 -1.07630174e+00 -1.47123931e+00
 -9.90592875e-01 -5.91719834e-01  4.71690133e-01  9.09580525e-01
  1.58825157e+00 -1.52680375e-01  6.57723749e-01  1.25241433e+00
  1.21404420e+00 -2.14994360e-01 -1.42186769e+00 -1.86563188e+00
 -1.56387982e+00 -1.43255152e+00 -1.15262362e+00  8.55155120e-01
 -3.71552854e-01 -2.89214071e-01 -1.01585066e+00 -1.01036472e+00
  2.05253978e-01 -1.41297813e+00  3.77977003e-01 -3.47993919e-01
  7.95502089e-01  8.14887198e-01 -9.85616323e-01 -1.13552946e+00
  5.26688681e-01  3.51240110e-01  1.09548964e+00  1.09352735e+00
 -7.14257129e-01  2.13517405e-01 -3.63622451e-01 -1.64641093e+00
 -1.48212085e+00  1.16562055e-02 -1.03852196e+00 -1.16363521e+00
 -1.56857282e-01 -1.56498045e-01 -1.95246227e-01  1.03982458e-01
  3.18260916e-01 -5.93187688e-01 -1.32881044e+00 -2.76427398e-01
  8.03755594e-01]",0.26024348994625285,0.0011589216607676516,0.25113923718312586,0.001740420671370813,-0.4440442745057738,8.95958231451877e-09,-0.5725537065876203,1.0557190278078304e-14,0.7537752042567205,0.1350601386252103
1,Endo,chr10,"[ 0.21180478  0.36477228  0.32626672  0.24506385  0.40846282  0.18558688
  0.67018939  0.01961323  0.24070402  0.61481217 -0.04768129 -0.03576983
 -0.07877828  0.1455628  -0.05382126 -0.42025494 -0.81489212 -0.27899745
 -0.48244263 -0.5225959  -0.67083849 -0.35940573 -0.34208556 -0.60107585
 -0.30660962 -0.59044244 -0.52935914 -1.17155616 -1.26973003 -1.28190364
 -1.05461249 -1.26511461 -1.02734926 -1.2668799  -1.32300811 -1.30881337
 -1.33668198 -1.15505959 -0.85330057 -1.13484529 -1.11428303 -1.22319294
 -1.27697907 -1.39776338 -1.47550771 -1.40606243 -1.53069065 -1.3545775
 -1.21168291 -1.43171669 -1.2347579  -1.24629503 -1.2572726  -1.24243607
 -1.19901852 -1.22786389 -1.44381692 -1.41554953 -0.99865249 -1.33287179
 -1.32687539 -0.66392664 -0.73079433 -0.78679354 -0.75318768 -0.13327603
  0.09822143  0.30321025  0.45877217  0.57099866  0.07481051  0.00405279
  0.43181571  0.44102179  0.8549203   0.90086795  0.82924064  0.98873924
  0.91021171  1.15951997  1.03511792  1.31144386  1.23416368  0.98852371
  1.14361576  1.29534401  1.31669127  1.46765376  1.51262962  1.51968813
  1.23935231  0.99950542  0.71023578  1.35325469  1.12448784  1.09384919
  1.33521473  1.41025685  1.48790335  1.49106147  1.07344255  0.8179841
  1.14280782  1.06217176  1.26200555  1.27191286  1.10400627  1.10221008
  1.01643738  0.95552178  0.91776975  0.66380748  0.98567752  0.92844599
  0.88867261  0.69825543  0.81989776]","[ 1.65446265  0.94705261 -1.25552776  0.64823123  1.34758405  0.61686314
  0.03903189  1.84875077  0.01582152  0.10088381 -1.06504029 -0.39229357
  0.91042079  0.67783698  1.42696808 -0.87541951 -0.02451286 -0.08462784
  1.20768937 -0.00378125 -0.37879586  0.42050888 -0.61614444 -0.69856359
 -1.54611428 -0.5793271  -1.72022588 -0.57224565  1.00129807  0.12888711
  0.36519533  0.74686383  1.59753354  0.66578696  1.05540921  0.94095075
  0.83368472 -1.29832103 -1.54099422 -1.18931989 -1.35841691 -0.94666007
 -0.93503818 -0.20962018 -0.01286819  0.4788423  -0.04470704  1.09083608
  1.43959458  1.08176332  1.34911243  1.35545821 -0.9669392  -1.04911205
 -1.40007071  1.2916584   0.06073593 -0.0029602   1.49706005  0.38971308
  0.31362126 -1.59008801  1.35294651  1.09174558 -0.63325734  1.86661904
  1.92196147  0.95899085  1.04324209  0.77119444  1.10253335  0.87960719
  1.06547944  1.30612781  1.05227501 -0.86223218 -0.80793008 -0.0548714
  0.7670364   0.28333993 -0.96724288  0.53028023  0.86725912  1.5185909
  0.66216586  0.18292743  0.15444161 -0.53546309  0.19426643  0.52543783
  0.85266525 -1.60619894 -0.33610845  0.76093681 -1.28388724 -1.05907008
 -1.10528554  0.66931439  0.64138273  0.12801743 -1.56914895 -1.63649614
  1.05121932  1.50084237  0.80861118  0.93171578 -0.10881731 -0.06190152
  0.90971283 -0.8574964  -1.49925994 -1.33443712 -1.20913837 -1.19503121
  1.17106319  1.57277787  1.45570495]",-0.009714467801043698,0.917207206661564,-0.195427455118429,0.0347224481399156,0.25017495678426693,0.006520236056061803,0.5686066098015491,2.2681070148832055e-11,0.5138437796851852,0.341074971593043
2,Endo,chr11,"[ 1.10923016  1.23488772  1.20942511  0.72509509 -0.11276468 -1.1869666
 -1.22013582 -1.28386088 -1.32114887 -1.36231193 -1.30688969 -0.74960296
 -0.25316138 -1.08080112 -0.05294051 -0.93706901 -1.34461954 -1.24440948
 -1.24891068 -1.31681895 -1.22177407 -1.29837363 -1.16187758 -1.23125406
 -1.1196412  -1.13338211 -1.19980866 -1.22019909 -1.35228459 -1.36492847
 -1.22536099 -1.36158621 -0.9345508  -0.24671949 -0.85342409 -0.05638164
 -0.46894691 -0.53765855 -0.62918223 -0.65775721  0.11437566 -0.72183487
  1.07311802  0.21126584  0.08933962  0.72039994 -1.12624901  0.09293662
  0.17098454  0.43412831 -0.35140936  1.10449431  1.06451429 -0.72372976
 -0.62943633 -1.25820446  0.6835918   1.15922705  1.2456386   1.18034836
  1.22118824  0.84657964 -0.55347666 -0.09177972  0.9605158  -0.72780966
 -1.1759535   1.31988467  1.26353654  1.25049037  1.23319858  1.29028866
 -0.72471028  0.34288262  0.49415089  1.23386871  1.15286912  1.04275421
 -0.78467417 -1.03152061 -0.9577886   1.07342816  0.73660373  1.3087613
  1.3308737   1.35799973  1.36886593  1.36745659  1.22616587  1.27295616
  1.23789853  1.327327    1.03412485  0.71729591  0.36133931  0.14268851
 -0.07318141  0.03038713  0.59279535  0.6647856   1.18002687  1.30521038
  0.69601763  1.19603281  1.01477795  0.75001203]","[-0.19770859 -0.34901752 -0.43559305  0.37238964  0.13056102  0.61731484
  0.75034846  0.7950398   0.50601936  0.40143076  0.38347487  0.75546186
  0.22823345  0.54658855  0.26470918  0.35201363  0.03993016  0.09872447
  0.11924339 -0.11640535 -0.29230632 -0.16862561 -0.22243395  0.02698455
 -0.16922562  0.05869658 -0.05710741  0.13662852 -0.25823016  0.02991495
 -0.42630046 -0.21818626 -0.48783941 -0.80912045 -0.78693289 -0.91033516
 -1.28671946 -1.3751264  -0.99264196 -1.24218705 -1.80329387 -1.42245678
 -1.60600259 -1.60145996 -1.92849194 -1.96671335 -0.77328315 -1.65902911
 -1.69521421 -1.80431236 -1.50187827 -1.66955817 -1.51784334 -1.18805714
 -1.19183388 -0.26890927 -1.57039669 -1.26596463 -1.32617411 -1.39400642
 -1.29888371 -1.53757857 -0.81957559 -0.99867516 -0.9591364  -0.51163314
 -0.08878928 -1.00633376 -0.69721137 -0.82436979 -0.84400021 -0.83043256
  0.52604365  0.59853536  0.60091602  0.49664707  0.71411567  0.67887389
  1.33012281  1.3751693   1.43669037  0.87943419  1.02175673  0.55049388
  0.77526594  0.59294643  0.56363194  0.40550293  0.88024065  0.76106244
  0.99561417  0.63302645  1.20685035  1.20323725  1.41967524  1.71746322
  1.31868813  1.65437909  1.46211334  1.63689089  1.08847826  0.71941502
  1.34135037  0.86477077  1.04607686  1.21538213]",0.7195510603487163,3.6438635740200086e-18,0.7852960712346696,2.184979889780435e-23,-0.2817748800308421,0.003431436200332145,0.07808670421332785,0.426244029433848,0.8683815028368083,0.07360081481976467
3,Endo,chr12,"[ 1.50392684  1.46387345 -1.22237196  0.83559654  0.78052613  0.9130376
  0.46322581 -1.01385912  0.25242115  0.93077494 -1.10465805  0.23187824
  1.00924883  0.51802258 -0.10139499  1.06454506 -0.47622246  0.17664416
  0.57321037 -0.65536545  0.8706319   1.22509251 -0.15073813 -0.36063904
  0.73331373 -0.83860759  0.74858643 -1.08647155 -1.20840707 -0.69776508
 -0.35798121  1.47609823  0.46470167  0.25749284 -0.38677195 -0.62091934
 -1.35165468 -1.15217405 -0.68961614 -0.5921163  -0.36555859  1.42325939
  1.29048075  0.44557481  0.07708851  1.59760264  1.56502125  1.33440727
  1.44070296  1.52259001  0.32485611  1.20411659  1.42265932  1.51557214
  1.26122894  1.60958943  1.23325346  1.33044722 -0.56844589 -0.89728113
 -0.7078036  -1.19862991 -0.88185008 -1.42114147 -1.52197201  0.7993773
 -1.17543974 -1.1396939   1.04335954 -0.56759006  0.91161712  1.22228237
  1.09881292 -0.79692066 -1.37204026  0.41581558 -1.37131393 -1.15986943]","[ 0.59927735  0.52331535  0.12634641  0.75870316  0.71155851  0.62736136
  0.67758166  0.50340849  0.46206234  0.61310149 -0.0904536   0.47732951
 -0.49865486 -0.53219184 -1.27453005 -0.63319477 -1.22906932 -1.11079474
 -1.10757808 -1.1563607  -0.86779909 -0.89193419 -1.3691196  -0.87670937
 -0.56408307 -1.20047662 -0.7435263  -1.22452237 -1.39492377 -1.66260066
 -1.84064193 -1.11185072 -1.84176375 -1.66180925 -1.69547997 -1.53285603
 -1.29162899 -1.46418826 -1.47829231 -1.52315992 -1.6167329  -1.01973481
 -1.20170807 -1.44772693 -1.66813531 -0.67022631 -0.72829097 -1.04299328
 -0.81398688 -0.61629643 -0.55856184  0.07570745 -0.03070205  0.01537915
 -0.08466732  0.17541183  0.18516739  0.13832425 -0.12779069 -0.13559864
  0.19519829  0.13895694  0.20171098  0.36571389  0.38613205  1.04072405
  1.08088373  1.14020427  1.43782079  1.54932838  1.52217929  1.21140751
  1.43660324  1.45567596  0.91682582  1.57595341  0.85337499  1.14444631]",0.4447262060495183,4.5172800430350026e-05,0.5044106001768023,2.4936712349083234e-06,0.3776232882729289,0.0006535478852124595,0.31412862879298825,0.005097781410701126,0.4980928560533914,0.34665559248753947
4,Endo,chr13,"[ 1.42076967e+00  1.40541817e+00  1.48797389e+00  1.54602273e+00
  1.57108864e+00  1.09536453e+00  1.59090465e+00  1.54292472e+00
  1.54661936e+00  1.44999468e+00  1.42514168e+00  1.16635675e+00
  1.54976523e+00  1.51895032e+00  1.45786359e+00  1.26766169e+00
  1.24489605e+00  1.09156552e+00  9.68559053e-01  1.05701143e+00
  6.70033338e-01  7.90374188e-01  3.62325599e-01  4.22279270e-01
  3.92339771e-01  4.69440338e-01  2.47552820e-01  2.59269492e-01
  2.00937915e-01 -1.05416641e-01 -8.24555435e-03 -3.93354723e-02
 -1.60141573e-01  2.54263118e-02  1.30225882e-03 -2.78918605e-01
 -1.74709654e-01 -5.54097938e-01 -9.52176912e-01 -7.14859758e-01
 -1.13641129e+00 -1.23807432e+00 -1.28248778e+00 -1.43127948e+00
 -1.37462114e+00 -1.52273337e+00 -1.58481567e+00 -1.35336886e+00
 -1.46487086e+00 -1.56684970e+00 -1.50031151e+00 -1.27147309e+00
 -1.35959699e+00 -1.39911205e+00 -1.49800703e+00 -1.41896144e+00
 -1.45583004e+00 -1.35208069e+00 -1.17006846e+00 -1.60729354e+00
 -1.37008928e+00 -9.96304616e-01 -1.00896379e+00 -9.40964269e-01
 -7.50764735e-01 -7.30022076e-01 -9.12557334e-01 -9.87347624e-01
 -7.30569039e-01 -6.97818722e-01 -8.53707330e-01 -4.71056422e-01
 -4.79515289e-01 -4.51377781e-01 -5.57885214e-01 -7.76791231e-01
 -8.60127722e-01 -8.02504872e-01 -4.75233189e-01 -1.69655136e-01
 -2.25296423e-01 -3.11060515e-01 -3.85475398e-01 -4.23348143e-01
 -4.08060241e-01  6.08141176e-02 -9.44740352e-02 -1.48119555e-01
 -4.28214973e-02  3.65343186e-02  1.04703075e-01  1.31024954e-01]","[ 0.51810069 -0.64107162 -0.6388769  -0.50790249  0.11912529 -1.51983954
 -0.2766133  -0.53501924 -0.8632741  -0.81569923 -0.94511694 -0.86491267
 -0.15186267 -0.09773456  0.35333143  0.26450201  0.90852439 -0.10003691
  0.33803459  0.6270082   1.78775892  0.80265018  0.38226599  0.34192838
  1.54690774  0.58543319  1.52546642  1.59225695  1.71643528  1.70141438
  1.64472567  1.81934262  1.77819642  1.84278122  1.02185123  0.88824423
  1.66138456  1.15863854  0.24007469  1.52363403  0.39634476  0.69368644
  0.49839475 -0.05850418  1.05854041  0.09061219  0.40006151 -0.48118175
  0.50049499  0.26730213 -0.23971028 -0.97060236 -0.69554744  0.0401279
 -0.25174953  0.73334178 -0.26229289 -0.87649073 -1.01788462 -0.39139374
 -0.93095849 -0.98922349 -0.96122385 -1.06472763 -1.69975054 -1.28058957
 -1.16419645 -0.93187107 -0.36530566  1.36998819  0.11921176  1.72104631
  1.72105484  1.656538   -0.10278639 -0.18498344 -0.03174757 -0.38906634
  0.95105065 -1.6946972  -0.90202036 -0.28666276  0.77386575 -0.9802123
 -0.09330747  0.45523109  1.3132721   1.55553942  1.0400851  -1.52776501
 -1.6712483  -1.38463544]",-0.09712664621290394,0.3570250566783862,-0.09848406900513804,0.3503123827953461,0.424044279714887,2.5285619669200324e-05,0.7519375643876727,5.720798699843178e-18,0.5391209405528467,0.28711589195039366
5,Endo,chr14,"[ 1.14243285 -0.50164685 -0.81420694  0.88790217 -1.17280212  0.88435419
 -0.80601029  0.69815777  0.69919668  1.11432702 -0.36785231  1.34927934
 -0.80662624 -0.35288872 -0.98336525  1.41841206  1.43236878  1.49176018
  0.59026672 -0.28079844  0.83180016  1.10701599 -1.52758397 -1.53315744
  1.07895584  0.30498406 -0.67034467  0.69638903  0.69317346 -0.4854248
  0.15643848  1.36319871  0.30616133  1.27580641  1.28975472  1.54553172
  1.55641999  0.84560752  1.21105023  1.09756495  0.27786747  1.30484271
  1.41312239  0.65305648  1.14913442  1.17342822  1.3867328   0.42575913
  1.23279103  0.06466561  0.71840601  0.85610909 -0.19071369  1.46829665
  1.4955292   0.00788218  0.54012485  0.6524129   1.35039987  1.24946546
  1.38901317  1.460699    1.342828   -0.62361432 -0.5052004  -1.28514468
 -1.3776369  -0.6511366  -1.29721465 -1.36329937 -1.01523003 -1.27835816
 -0.7866866  -0.07714217  0.22114001  0.42757204  0.9276196  -0.16405567
  0.21965887  0.70778023 -0.82515342 -1.62007284 -1.32309221 -1.5389146
 -1.72103975 -0.25132508 -1.3586534   1.60710324 -0.39894389 -0.13909915
  0.86808023  1.49758142  1.05485807 -0.93194067]","[-0.89806946 -0.89970415 -0.90784597 -0.99345994 -0.85573862 -1.11106578
 -0.93755867 -1.22954916 -1.04709329 -1.07987538 -1.34103833 -1.05519572
 -1.47659591 -1.21565553 -1.31965959 -1.06143799 -1.12165945 -1.05313157
 -1.36356262 -1.46013948 -1.22064771 -1.19129203 -0.65493979 -0.70766309
 -1.02440442 -1.28471933 -1.22747791 -1.17812504 -1.03664428 -1.01151493
 -0.75916951 -0.05441537  0.20364475 -0.07825183 -0.14305672  0.20985416
 -0.06096169  0.32659513  0.0365962   0.33701385  0.29714844  0.71996906
  0.67503867  0.89155688  0.9090787   0.88868573  0.81835473  0.94385325
  1.23054718  1.46709793  1.31547829  1.4375319   1.32008817  1.07000035
  1.01942774  1.45285934  1.36721884  1.60710113  1.21741956  1.35084633
  1.17938919  1.15333578  1.12239499  1.45360393  1.3210985   1.18501662
  1.20394731  1.28289765  1.2843341   1.17622296  1.36056947  0.78132542
  1.21636797  1.36786925  1.06648412  1.28306257  1.0965977   1.27754048
  1.24962454  0.79738445  1.03179432  0.60337283  0.8013258   0.54117444
  0.46210435  0.7715671   0.7798804   0.20724647  0.65692432  0.44067446
  0.27782782 -0.01386355  0.20128156  0.30295623]",0.48174362681927924,8.841206334002201e-07,0.5186123996806846,8.581702485835726e-08,-0.06322056497694958,0.544945830043426,-0.3487783703478195,0.000570768185766918,0.4556012683375675,0.42305707279508675
6,Endo,chr15,"[-0.68638902  0.67709721  0.18310773  0.98870743  0.75443763  0.0997011
 -0.19473535  0.76136125 -0.6915582  -1.16072671 -1.37836239 -1.29380887
 -1.27367563 -1.24843372 -1.30267464 -1.31088504 -0.94003225 -0.98875889
 -0.53812154 -1.34311525 -1.00122955  0.25974683 -1.10787971  0.90429016
  0.80281541 -0.99960921 -1.14757483 -1.19644604 -0.66451103 -1.25053416
 -1.28961064 -1.34557011 -0.51194273 -1.1831221  -0.92623301 -0.43392521
 -1.13319292 -0.00194083 -0.21200534 -0.12323493 -0.43618392 -0.64687115
 -1.09925243  0.61894585 -1.26095719 -1.01977391 -0.677122   -1.20795987
 -0.35916781  0.98561768  1.29958617  1.30248529  1.35313933  1.3612106
  1.4589554   1.46658357  1.38657724  1.39954506  1.41571568  1.40656577
  1.26863491  1.06537968  0.65744187 -0.71898505  0.8782182   1.11811646
 -0.72796676 -1.00529749  0.79576911 -0.34494976 -1.14945449  0.3795798
  0.85210213  1.36909359  1.36328952  0.92413529 -0.24003173 -1.03212564]","[-0.2914088  -0.29306335 -0.45627207 -0.18297258 -0.2706199  -0.27283514
 -0.10907357 -0.69303676 -0.30176469  0.28484834  0.1839147   0.48185369
  0.87733618  0.42434934  0.54473551  0.34892276 -0.19457059 -0.34801251
 -0.47837962  0.52177805 -0.34511765 -1.18474135 -0.60457432 -1.33868448
 -1.01504749 -1.19171871 -0.80207848 -0.89369875 -1.08462574 -0.89727479
 -0.37594198 -0.36246605 -1.00713908 -0.68075635 -1.32868475 -1.68762052
 -1.07770615 -1.82878094 -2.0871418  -1.99800338 -1.55116056 -1.55463366
 -1.46651941 -2.05463388 -1.09836693 -1.48710736 -1.88918844 -1.31957983
 -2.32491567 -1.82910399 -1.12828953 -1.11218912 -1.07627173 -0.98333499
 -0.74172056 -0.69830957 -0.73896523 -0.59751685 -0.3916134  -0.45636597
 -0.26606256 -0.75527693  0.44824417  1.04140631  0.70740466  0.60497146
  1.59841376  1.34279559  1.11268509  1.69143889  1.27118945  1.5865931
  1.22290677  0.68867947  0.55054667  1.09418187  1.27078653  1.13816012]",0.5939919607282844,9.895253672322947e-09,0.7995427893846245,1.6871789730126763e-18,-0.15268180374719123,0.18203426964993122,-0.03506594892074473,0.7605277877764374,0.8502660305146501,0.08175918461407015
7,Endo,chr16,"[ 0.79897663  0.99474859 -1.23787426  0.78899664  0.67297144  1.27394165
  1.32029687 -0.41352976  1.49124932  0.02586036  0.2887392   0.15424819
 -0.48557803 -0.74704534 -0.49077668  0.53988885 -0.41876488 -1.07185184
 -0.66060242 -0.65357372  0.28604673 -0.36811191  1.53737011  1.63625407
  1.62942384  1.64967105  1.36800582  1.03560141 -0.47491967 -0.69547046
  0.96268301  1.23037344 -1.13646419 -1.04458807  0.07715838  0.96082683
  0.44280821  0.15964216  0.16752945 -0.86934666 -1.07281223  0.04781573
 -1.28463059 -0.45513512 -1.27007562 -0.37080474  1.03031636  0.12002797
 -1.49570704 -0.54306458 -1.47861923 -1.39338096 -1.46904886 -1.67272321
 -1.02929049 -1.28108411  0.2015519  -0.65746863 -1.03658298  0.24615055
 -1.05071791 -1.35215207 -1.3197865  -0.50869168 -0.9879398  -1.11611666
 -0.08061685  1.36535364  1.03496657  1.00658424  0.85624053  1.33622696
  1.39793123  1.544762    1.05892059  0.69638992]","[ 0.76910586  0.46223692  0.6186064   1.06366559  1.16265435  0.81924298
  0.68492387  1.24006588  0.88653065  1.27051723  1.18008532  1.40757176
  1.49877612  1.47579429  1.49150731  1.31766421  1.07444522  1.19828175
  0.89673212  0.97419082  0.82660247  0.81777401 -0.06234348 -0.10282915
 -0.21265011 -0.39181816 -0.84864471 -1.43380446 -1.45272341 -1.3848082
 -1.64014251 -1.30755065 -1.31544655 -1.24892075 -1.54347924 -1.44603475
 -1.41820061 -1.64053091 -1.76988146 -1.49064564 -1.26469925 -1.75218343
 -1.11008953 -1.76518643 -1.32738113 -1.69461773 -1.19988367 -1.1597665
 -0.28454715 -0.84561533 -0.4262128  -0.24304827 -0.06622982 -0.34322556
 -0.97685393 -0.76528928 -0.8886591  -1.1127721  -0.17734654 -0.72988128
 -0.64749307 -0.62156708 -0.28877756 -0.31000005 -0.08487643 -0.22209963
 -0.36198637 -0.59859602 -0.97336315 -0.91263162 -1.04549996 -0.77631568
 -0.93762188 -0.59530562 -0.94926807 -0.54623503]",0.5585339329187311,1.580126858940816e-07,0.5854172390249621,2.785879606579626e-08,0.022113862625874184,0.8496129615576736,0.04847040387453347,0.6775588341297004,0.6218522932246845,0.24325542918174947
8,Endo,chr17,"[-0.2048379   0.88244737 -0.03582045 -0.83455726 -0.67602934  0.87742283
  0.51831366  0.59051532 -0.71629012 -1.12209595 -0.85163824  0.43092534
  1.18307239  1.34632308  1.65306747  1.64159882  1.46641762  1.60668217
  1.41124061  1.54916514  1.16489104  0.4530077  -1.43375012 -0.98032335
  0.54914415  0.40734773  0.96389969  1.2421365   1.40129101  0.2023557
 -0.59249553 -0.93746994 -1.03264795 -0.97467024  0.19842489 -0.66345726
 -0.48342875 -0.24003919 -1.16251716 -1.41213482  1.01593922  0.37732578
 -0.34202932 -1.5082734  -1.28834481 -0.90681608 -0.6323404   0.69647094
  1.21374565 -1.02645104 -0.1156905  -0.90507214 -0.67770432  0.84820515
  0.68340075 -1.50990238  0.65399163  1.28929168 -1.06519397 -0.02329243
  0.39050821  1.14213718  0.20184312  1.36180822 -0.77622125 -1.20742427
 -1.09062945 -1.1233855  -1.37933123 -1.44780163]","[-1.26724191 -1.13000384 -1.3576297  -1.30672271 -1.47739861 -1.40875183
 -1.63116697 -1.58270308 -1.57094249 -1.27903521 -1.40130195 -1.27938732
 -0.92443752 -0.83599021 -0.22552496  0.10207703  0.08896358  0.10269635
  0.29891745  0.17475844  0.39099972  0.33007527  0.20324147  0.34413006
  1.06149729  1.10148932  1.10006964  1.20294696  1.04124942  1.66270988
  1.49225397  1.42567167  1.38023918  1.31283835  1.56113945  1.55051711
  1.61146776  1.50614617  1.10211928  0.99799181  1.3752609   1.55013998
  1.61701187  0.6762582   1.04484293  1.01418426  1.09877435  1.18244521
  1.17309622  0.53316966  0.36818611  0.43899223  0.06856957  0.33840462
  0.41783468 -0.22112937  0.12864825 -0.27956496 -0.28016529 -0.40006942
 -0.14651574 -0.04259808 -0.28743013 -0.15949451 -0.59099963 -0.53571135
 -0.73425879 -0.75348757 -0.77521392 -0.63970267]",0.6225119237743125,8.744201721283136e-09,0.6695120375233635,2.346017730358593e-10,-0.05129001794495867,0.6732628727393407,0.07020915034892314,0.563568931819948,0.5584144895707395,0.3477630724196323
9,Endo,chr18,"[-0.30751365 -0.45449848 -0.71479085 -0.35202787 -0.70272542 -0.41084403
 -1.04860653 -0.8358704  -0.76235083 -1.09906783 -1.40443479 -1.3289774
 -1.34278865 -1.26028359 -1.41792125 -1.32476015 -1.10647533 -0.95726162
 -1.15036774 -1.20655972 -1.45514966 -1.37903029 -1.27155305 -1.16749961
 -1.2249699  -1.23988893 -1.12881536 -1.22452133 -1.33118569 -1.08225323
 -1.14823196 -1.13015763 -0.92485953 -0.70780881 -0.9805856  -0.73501798
 -0.61025442 -0.32304329 -0.27421349 -0.37564536 -0.30171704 -0.20885652
  0.23241653  0.11843419  0.18987073  0.27290104  0.23220963  0.57530471
  0.96376272  1.0136382   1.01858887  0.9465504   1.20619481  1.02163235
  1.09930761  0.85512947  1.26422982  1.23548255  1.41385848  1.34232367
  1.4505312   1.35992138  1.27056857  1.32781669  1.33119919  0.83319427
  0.93572914  1.27306748]","[ 1.00878803  1.98951858  0.53610269 -0.74301344  0.82559322  1.53714426
  0.11149355 -0.81734054 -0.82984163 -0.87860302 -0.4250312   0.08830435
  0.21196054  0.60214899  0.03160648 -0.65627429 -1.47516929 -1.59027979
 -1.14127482  0.86723166 -0.00794378  0.82513615  1.06328646  1.46178131
  1.07988952  0.99681265 -1.31843568  1.2029984   0.75683529 -1.12660337
 -1.00481046 -0.73442246 -1.04777485 -1.13717751  0.23298049  0.53478087
 -0.9268741   0.63236481  0.73571558 -1.66361458  0.49912942  1.37782944
  1.39858698  0.83609096  0.3109672  -1.36406976 -1.5567749   1.18322566
  0.68844459  0.67678267  1.24802874  1.12515221 -0.36322271  1.18271287
  1.00727536 -1.63912539  0.84452796 -0.77824745 -0.15276309  0.73799472
  0.28049085 -0.98505274  0.20679607 -0.77624884 -0.16817641 -1.68222789
 -1.67978599 -0.65865159]",-0.2132158531041387,0.08085241947156004,0.44723928030297566,0.0001314916578818022,0.3884001387102587,0.0010642516601198553,0.4522374989879476,0.000108108708917202,0.7809606171218006,0.12447689437184982
10,Endo,chr19,"[ 0.74916693  0.69523375  0.64853083  0.64854926  1.04489249  0.8660309
  1.42968775  1.17346749  1.16501741  1.37733512  1.33491006  1.25892756
  1.22844708  0.89441316  1.2732248   1.17258629  1.374149    1.3177518
  1.06557309  1.0613948   1.28354149  1.26146832  1.16906823  1.25087335
  0.76831705  1.06541659  0.99168095  0.93254341  0.8672209   0.82843097
  0.78315356  0.84480135  0.45211797 -0.4821256  -0.28772846 -0.86624972
 -0.78214936 -0.87774178 -0.95831847 -0.91618605 -0.82069623 -1.17071995
 -1.07371796 -0.96551174 -1.27910268 -1.15382996 -1.1934325  -1.04309938
 -1.21226194 -0.55342383 -0.66324875 -0.70056584 -1.14931842 -0.94725646
 -0.8657328  -0.68997449 -1.0274656  -0.91156125 -1.16028477]","[ 1.60774445  1.6097076   1.62274399  1.86693718  1.46242195  1.5464309
  0.41682738  0.78184162  0.8700501  -0.03307004 -0.12842042 -1.12435238
 -0.73651705 -1.64260552 -0.84189203  0.77176365 -0.74638365 -0.28177721
 -1.46030423 -1.38741813 -0.68300607 -0.75535295 -0.84935628 -0.15389069
  1.03649726 -0.07582655 -1.39047761 -1.3504207  -1.10472295 -0.87124919
  0.27708772 -0.75810638 -0.87196758 -0.22890378 -1.3321663  -1.27267997
 -1.39950407 -0.42783685  0.71061614 -0.5485082  -1.3227729  -0.72295284
  0.05760655 -0.93030566  0.56283576  0.58957382  1.16179128  1.31016205
  0.87394089 -1.61405655 -1.62601278 -1.6238512   0.51649462 -0.13975071
 -0.81192509 -0.82076318 -0.55663192 -0.61865991 -0.4795535 ]",0.2391992633283111,0.06806147711531886,0.07450864496940293,0.5749018166677956,0.5135127936983588,3.192088228055979e-05,0.6376065324103163,5.610330234713144e-08,0.7024525137258433,0.22429231695522706
11,Endo,chr2,"[ 1.04426118  1.27501187  1.29152229  1.25617558  0.69908435  1.19070525
  1.32819937  1.21880654  0.91194821  1.14621859  1.42701031  1.31550943
  0.27932051  1.01795618  1.22364683  1.19479978  1.16349737  1.35915326
  1.3314422   0.20775684 -0.35209584 -0.57301119 -0.55628822 -0.70892059
 -0.74838104 -0.71222878 -0.0951495   0.68186822  0.7566829   0.85865043
  1.34331765  1.19298133  1.3143502   1.28186639  1.22161471  1.11630464
  1.43886248  1.2648473   1.22819353  1.3170109   1.35595067  1.33155717
  1.36831465  0.99701453  0.2007976   0.85633014  1.22173215  1.2491711
  1.24775601  1.33165238  1.17771564  0.9818688   0.84123536  0.32695493
  0.27907083  1.05147762  1.13574006  0.69318078  1.20031752  0.34874208
  0.57207661  1.28000231  1.27653846  0.7940462   0.79479144  0.71033287
  0.88112442  0.74340407  0.90178231  1.06495597  0.86822725 -0.20912459
 -0.34659536  0.03523979  0.53830781  0.40945228 -0.14219568 -0.43152479
 -1.06107405 -0.46675695 -0.72294943 -0.70270184 -0.61508417 -1.11005855
 -0.77483231 -1.12448959 -1.18487503 -0.99627889 -1.08304327 -0.68222254
 -1.07161557 -0.93037894 -0.91057848 -0.97600038 -1.13272458 -1.10866914
 -1.05550698 -1.0729926  -0.99852488 -1.08897286 -1.20099272 -1.08221163
 -1.11401775 -1.11964177 -0.91943331 -1.18002901 -1.03355767 -1.18046254
 -0.66483698 -0.80233936 -0.69964976 -0.52881837 -0.75876508 -0.51162337
 -0.78107935 -1.0693621  -1.01734746 -0.87525647 -0.97640459 -1.06165015
 -1.1164646  -1.06422631 -1.20308695 -1.27379946 -0.68195581 -1.19797402
 -1.1159408  -1.11973665 -1.08187934 -1.13116009 -0.61950732 -0.98666035
 -1.21127047 -1.23971717 -1.22981295 -1.23650885 -1.09731174 -0.52372457
 -0.72174955 -1.1472285  -1.10283966 -1.1603703  -0.86586759 -0.99477159
 -0.95044949 -0.87327676 -1.22811902 -1.02243152]","[ 0.80296819  0.62504714  0.2972927   0.33192448  1.15838249  0.04607313
  0.12110498  0.13459134  1.02445536  0.61813356 -0.09822494 -0.15537556
  1.41352243  0.90970522 -0.28257795  0.19793571  0.09956376 -0.36826979
 -0.51307319  1.51882837  1.73381931  1.66257059  1.52137629  1.72136021
  1.62932565  1.76901847  1.62811584  0.81368321  1.18899393  0.79402365
 -0.31743216 -0.81795955 -0.19159723 -0.49614208 -0.37157441 -0.18608823
 -0.46117532  0.2104778  -0.26971848 -0.22218138 -0.67576907 -0.64171351
 -0.2636767   0.44327453  1.65972606  0.81518869 -0.18627909 -0.34318502
 -0.63175122 -0.05183363 -0.64664218  0.89961917  0.61589562  1.46476595
  1.62138104  0.6207303  -0.07837979  1.32419947  0.17816754  1.6096961
  0.79404198 -0.19825143 -0.98794111  0.62875326  0.43521691  0.79038894
  0.30084958  0.91449905  0.10993466 -1.04769873 -1.45239971  1.40307171
  1.18361747  0.17793995 -1.57304488 -1.57882236 -1.78017157 -1.72810305
  0.19680469 -1.58965493 -1.59163824 -1.10935658 -1.66354561 -0.92049712
 -1.46157709 -0.04184954  1.08897754  1.41788629  1.17540257  1.00634858
  0.84093499 -1.13760036 -1.28541662 -0.84616632 -0.89967982  1.08641254
  0.92367216  0.93746056  1.22120461 -0.30515172  0.72903217  1.26999013
  1.09067248  0.89575952 -1.17992455  0.69859963  0.99686139 -0.68767219
 -1.29777596 -1.54970111 -1.24999922 -1.49050143 -1.58349904 -1.75010185
 -1.37516323 -0.18917617 -0.62897865 -1.05816661 -0.00289766 -0.47170431
 -0.52673518  1.34033175  0.8774782   0.19259726  1.49271952  0.9041915
  1.08583496 -0.02004517 -0.1764809  -0.82169772 -1.67058661 -1.16900961
  0.6624684   0.79205517  0.7745316   0.26879908  0.83542374 -1.61629947
 -1.418944   -0.13852871 -0.44377973  0.12896081 -1.05653192 -0.66211686
 -1.1561051  -1.25264061  0.31355902  1.286749  ]",-0.4359463361590864,3.057345270228417e-08,-0.35948097476059543,7.219205637528058e-06,0.5250280097925634,7.37025740577527e-12,0.4804672474524999,6.41101080629388e-10,0.6942824014366027,0.2430183720314903
12,Endo,chr3,"[ 1.82346171e+00  1.72247693e+00 -2.92441435e-02  1.08311446e+00
  1.71141278e+00  1.59712095e+00  9.82939327e-01  6.08315780e-01
  9.61202232e-01  9.37925655e-01  1.16965388e-01 -2.27032349e-01
  7.06392385e-01  8.10012851e-01  1.61763373e+00  1.59407430e+00
  1.26445888e+00 -5.25497168e-01 -3.84149999e-01 -6.69299014e-01
 -3.74237265e-01 -2.98749747e-01  3.94362865e-01  1.59864199e+00
  1.01187551e+00  1.26047438e+00  1.39383918e+00  8.84853485e-01
 -1.04571129e+00  5.10367887e-01  8.86058189e-01  1.80121861e+00
  1.62938715e+00  1.42919713e+00  5.93001100e-02  3.01282569e-01
 -1.05627565e+00 -3.23038593e-01 -6.71735203e-02  4.85673216e-01
  1.06975514e-01  1.51330909e-01 -4.04929812e-01 -5.52025137e-01
  9.05117249e-02  4.74280064e-01  4.19377328e-01 -4.03273277e-01
  7.25156424e-01  1.57106933e-03 -6.90180617e-01  1.00577552e+00
  2.13380051e-01  3.65773309e-01 -1.58521582e-01 -1.54793354e+00
 -1.42149585e-01 -4.40261649e-01 -7.72256586e-01 -1.05937216e+00
 -1.04545510e+00 -1.32661973e+00 -1.00345245e+00 -5.74884743e-01
 -1.47083801e+00 -1.52161616e+00 -1.59161862e+00 -1.68202385e+00
  5.68072538e-01  2.65514178e-01 -1.51440304e+00 -1.34964630e+00
 -1.62362324e+00 -1.09744536e+00 -6.11457791e-01  3.63957286e-01
 -7.87431894e-01 -1.20266739e+00 -9.70814475e-01 -1.17601818e+00
 -1.38321741e+00 -1.24799064e+00 -8.98152130e-01 -1.39841675e+00
 -1.35566091e+00 -1.31931534e+00 -1.26270606e+00 -9.18383439e-01
  3.47263290e-01 -1.07385104e-01 -1.44562104e+00 -7.42333863e-01
 -8.45318213e-01  2.56037063e-02  2.92772863e-01 -1.51689897e+00
 -5.69633262e-01 -5.92777509e-02 -1.81450876e-03 -1.25103032e+00
 -1.05669668e+00  7.18394399e-02 -1.34751649e+00 -1.15330222e+00
 -1.63093433e+00 -1.38362073e+00 -6.69040869e-01 -1.36956160e+00
 -8.90396224e-01 -9.88523071e-01 -1.73264392e+00 -2.06940774e-01
 -5.62868785e-01 -1.63521092e+00 -1.40799993e+00 -1.55618519e+00
 -1.64227513e+00 -1.53459493e+00 -1.50514325e+00 -1.67502141e+00
 -2.40591760e-02 -2.85207958e-01 -4.88968086e-02]","[-6.03636057e-01  1.60132483e-03 -1.38031189e+00 -9.91967979e-01
 -2.31607156e-01 -5.01789004e-01 -1.11227361e+00 -1.07310487e+00
 -8.49412831e-01 -9.88704901e-01 -1.50807702e+00 -1.42845620e+00
 -7.68640443e-01 -9.74019572e-01 -7.07109095e-01 -2.96752644e-01
 -4.43849452e-01 -1.30420501e+00 -1.24379776e+00 -1.41503976e+00
 -7.77910580e-01 -8.25114832e-01 -1.19660358e+00 -3.55921242e-01
 -8.85229036e-01 -5.61153268e-01 -5.12492310e-01 -1.05018588e+00
 -1.47083219e+00 -7.61443028e-01 -9.80177073e-01 -5.78005525e-02
  3.53856877e-01  3.87598935e-01 -3.39688300e-01 -3.67880014e-01
 -1.20526434e+00 -1.03078023e+00 -6.14431146e-01 -3.01092078e-01
 -8.02173188e-01 -2.74805083e-01 -5.68386649e-01 -1.83803808e-01
 -2.31943783e-01  2.95137458e-01  2.41388503e-02 -9.74218208e-02
  1.10130263e+00  1.09748965e+00 -1.08199837e-02  1.62281642e+00
  9.82089339e-01  1.90299712e+00  1.14001132e+00 -3.44274194e-01
  1.67951773e+00  9.69806892e-01  1.09791203e+00  9.53637514e-01
 -7.82258882e-02  1.31926157e-01  4.79865395e-01  7.07239104e-01
 -1.24839727e+00 -1.19476548e+00 -1.01715411e+00 -6.56808703e-01
  1.55993556e+00  2.02501159e+00 -1.06502581e+00 -8.45573184e-01
 -1.17989976e+00  8.41833326e-01  2.53336197e-01  1.52381744e+00
  5.77520811e-01  1.32399275e-01  1.12138309e-01  2.51410550e-01
 -4.39633443e-01 -2.24147072e-01 -1.52033752e-01 -7.03112379e-01
 -1.32371237e+00 -4.18678194e-01 -2.58377339e-01 -7.39719534e-02
  1.71860447e+00  1.83533089e+00  3.56706218e-01  9.81954532e-01
  9.76236562e-01  1.73276330e+00  2.08159429e+00  4.44485759e-01
  1.03299230e+00  1.86368812e+00  1.96731776e+00  6.05703323e-01
  8.06387471e-01  2.04951157e+00  5.31078085e-01  7.19618342e-01
 -8.31500239e-01  2.64901410e-01  1.03575326e+00 -3.94327285e-01
  7.76951836e-01  2.85256542e-01 -6.18841638e-01  2.05235171e+00
  1.63982450e+00 -1.51404473e-01  5.78693608e-01  8.69547448e-02
 -7.24124374e-02 -2.23355564e-01  3.51946953e-01 -6.31931506e-02
  2.01964915e+00  1.64474313e+00  2.09802299e+00]",-0.572695292913766,4.481188697438112e-12,-0.4854111786874486,1.2671356256853593e-08,-0.21282161983916234,0.01811065917018387,-0.24424793871960446,0.006478114643289686,0.5848760684816074,0.20741658567897822
13,Endo,chr4,"[-0.97493116  0.002404    0.2884176  -0.72646253  0.05059129  0.1843753
 -0.10562892 -0.35470165  0.56345106  0.70980687  0.25794689 -0.69570393
 -0.93051191 -1.29626794 -1.35836515 -1.09213437 -1.32308584 -1.17957665
 -1.09761401 -1.37500204 -1.26598534 -1.12721718 -0.83999497 -1.04766133
 -0.49745449 -1.07069812 -0.97946399 -1.35243071 -1.35213415 -1.30424077
 -0.90473163  0.94818237  1.14002955  1.11325575  1.36302908  1.36387189
  1.37942335  0.83578581 -0.00601198 -0.89532233 -1.37650273 -1.38374772
 -0.00848301 -0.21409859 -0.1458731  -0.14906854 -0.71521311 -0.9161867
 -0.99655609  0.42768887 -0.74153535 -1.22113386 -1.27827944 -1.18911984
 -1.30861304 -0.77494585 -1.2259293  -1.41085663 -0.82184605 -1.41588091
 -0.40121518 -0.94996422 -0.65924697 -0.50825054 -0.35692441  1.02684549
  0.45399436 -0.7618609  -1.17957193 -1.03076799  1.08865221 -0.51270661
  0.67036235 -0.46862186  0.5109209   0.72546265 -0.84496073 -0.29544453
 -0.18786667  0.21084413  1.22279153 -0.70260556 -1.0170424   0.0569566
  0.77467495  0.67896862  1.31955611  1.39073201  1.31894248  0.92378755
  0.96171624  1.14365964  0.04266394  0.92912428  0.8089211   1.25076405
  1.27612416  1.14245188 -0.5491428  -0.47150302 -0.51433129  1.1750216
  1.38803238  1.39756084  1.36601478  1.23395152  1.29916244  1.37956198
  1.44001386  1.49317497  1.46062674  1.50442396  1.4693526   1.44924602
  1.34180202 -0.41016183  1.07763635  1.18536391  0.8873134   0.32545337
  1.40173581  1.173919  ]","[-1.0653315  -0.86613252 -1.25846221 -1.15181818 -1.4185082  -1.02081137
 -1.06768605 -1.01616825 -0.90204994 -1.31824105 -1.25010485 -1.06795861
 -1.13615652 -0.53032362 -0.70800411 -1.13412564 -1.06584834 -0.79861815
 -1.03801293 -0.85453366 -1.00667381 -0.99808805 -1.06633188 -1.29199626
 -1.11025649 -1.00237201 -1.08710932 -0.84969945 -0.48179485 -0.7978556
 -0.54022632 -0.70912066 -1.07480992 -0.90446787 -0.66990191 -0.36977036
 -0.74107408 -0.6433296  -0.32463864  0.21061996  0.20933056 -0.0391034
  0.42666585  1.37611987  1.05282727  1.31353177  1.26836902  1.12859297
  1.08484187  0.99140907  1.18538613  1.19854194  0.8472778   1.2307103
  0.98269519  1.22158886  1.43479246  0.82254295  1.75933303  1.02307783
  1.91884486  1.68179362  1.75228555  2.06664251  1.84101804  0.84331194
  1.52770901  1.39710151  1.52299764  1.51345571  0.29850378  1.35757834
  0.98960757  1.37035216  0.79018073  0.89214993  1.54966895  1.48358824
  1.42706133  1.56031481  0.18296179  1.50072584  1.36375513  1.25420959
  1.06252363  0.96227051  0.1899252   0.08931324  0.44524379  1.34793899
  1.12881755  0.6371867   1.41776883  1.00464805  1.29884062  0.31365491
  0.37522848  0.47853208  1.60318042  1.82259804  1.77604353  0.62893703
  0.1429427   0.57840899  0.54858816  0.67943159  0.8482036   0.55097127
 -0.06328866 -0.08345057 -0.03065291 -0.05853661  0.09111549  0.24980475
  0.14193162  1.41885734  0.39385235  0.32878952  0.73612622  1.19253657
 -0.00690407  0.53021418]",0.7127231631885542,3.3450865444278595e-20,0.6349739640388046,4.014660991431203e-15,0.1248752455056238,0.17054215544941614,0.32493620358662884,0.0002605124708423865,0.862974905938922,0.04663803776186183
14,Endo,chr5,"[-5.75976103e-01 -4.03928133e-01 -7.41890391e-01 -6.12600289e-01
 -1.45334068e+00  7.05498926e-01 -1.35359966e+00 -1.19750921e+00
 -1.30003103e+00 -1.54405202e+00 -8.47504199e-01 -6.33061882e-01
 -8.14454241e-01  3.86580452e-01  7.26540472e-01  3.33914547e-02
 -1.22322750e+00 -1.22492042e+00 -7.99382960e-01  1.76566457e-01
  1.96292004e-01  1.30971992e+00  1.47596130e+00  1.15554953e+00
  1.40448816e+00  9.15844097e-02 -4.61978560e-01  1.41783558e-01
 -1.08996315e+00 -1.16056311e+00 -9.61868273e-01 -1.47448931e+00
 -1.03758421e+00 -4.69722565e-01  2.55561995e-01 -5.50203217e-01
 -1.16748129e+00 -1.16981590e+00 -1.60380199e+00 -6.92700865e-01
 -1.53861431e+00 -5.78829152e-01 -1.13787714e+00 -1.54009031e+00
 -1.26997610e+00 -1.51581430e+00 -1.56447441e+00 -2.67016492e-02
 -7.69771838e-01  5.19591383e-02  1.27693029e+00  8.53052384e-01
  1.03637446e+00  9.87700224e-02 -1.61024371e+00 -1.25201884e+00
 -1.33733585e+00  9.36983111e-01  3.63015605e-01  1.10603941e-01
  5.84843824e-01 -1.91970737e-01  4.10961982e-01  6.01430615e-01
 -1.57153280e+00 -2.07860572e-01 -1.60894351e+00 -1.34411734e+00
  8.40638952e-02  2.34421475e-01 -8.02805216e-01 -4.62332964e-01
  5.34461205e-01  9.87360630e-01 -3.19817676e-01 -1.43297870e-03
  1.25148611e+00  4.99639535e-01  1.86006144e-01  8.23575397e-01
  8.62085145e-01  2.47513580e-01  1.60559785e+00  1.58061023e+00
  6.69045089e-01  1.39404751e-01  1.51391360e+00  1.48921945e+00
  1.53592424e+00  1.56438093e+00  1.53488377e+00 -4.40759443e-01
 -5.72439736e-01 -5.14225030e-01  2.48129548e-01  9.05317790e-01
  8.47618441e-01 -3.15415370e-01  5.03398685e-02 -3.75271309e-02
  1.58369243e-01  1.52440868e+00  1.56606711e+00  9.92989205e-01
  9.05913610e-01  4.43074682e-01  3.22605013e-01  1.54512878e-01
  2.21006440e-01  1.30500427e+00  1.31345419e+00  9.75616664e-01
  6.15056546e-01  1.43993448e+00  1.50415867e+00  1.38329066e+00
  1.44709572e+00  1.52377725e+00  1.33360422e+00]","[-7.37931666e-01 -7.01610789e-01 -6.83710553e-01 -7.51058554e-01
 -5.22385684e-01 -1.05709258e+00 -3.06052914e-01  1.90275318e-01
 -1.37891584e-01 -3.29379843e-02 -3.79327676e-01 -4.59056409e-01
 -3.04245159e-01 -5.31648526e-01 -7.47437591e-01 -4.59624590e-01
  9.17172865e-01  4.30288410e-01 -1.34265639e-02 -1.16776323e-01
  1.00749556e-01 -7.91418964e-01 -4.54945181e-01 -7.78798963e-01
 -6.22265590e-01 -5.84636244e-01 -8.06076167e-01 -1.01930107e+00
 -5.92997377e-01  1.19485145e-01 -3.30182992e-01 -4.53330621e-01
 -1.04490301e+00 -8.56946231e-01 -9.23743003e-01 -1.27622909e+00
 -6.92111717e-01 -9.12914727e-01 -4.17980654e-01 -6.58716696e-01
 -4.57215321e-01 -9.61075334e-01 -6.97322672e-01 -3.64648434e-01
 -7.21554437e-01 -3.57471400e-01  1.30131950e-01 -1.16406239e+00
 -3.58611225e-01 -1.07727646e+00 -1.28915822e+00 -7.84017890e-01
 -9.94882779e-01 -7.95108059e-01 -1.74483080e-01 -3.79821766e-01
 -4.34227143e-01 -1.14990957e+00 -1.59809228e+00 -1.42920039e+00
 -1.61156968e+00 -1.57134062e+00 -1.55193376e+00 -1.60930251e+00
 -5.46690969e-01 -1.25866057e+00  7.63722903e-02  5.14291064e-01
  1.03917273e-01 -1.60522842e-01  7.85180419e-01  1.06096131e+00
  5.68331802e-03  9.26393194e-01  1.64034227e+00  1.67610191e+00
  2.79832431e-01  1.17195256e+00  1.47381686e+00  9.72998267e-01
  5.22810263e-01  1.46382417e+00 -3.59693154e-01 -4.05891235e-01
  1.20432029e+00  1.75833136e+00 -4.43488471e-01 -8.18363363e-01
 -3.85467811e-01 -4.02383944e-01 -1.03637964e+00  2.04334825e+00
  1.97918151e+00  2.11315622e+00  1.78724620e+00  8.41203662e-01
  7.16607727e-01  2.12711589e+00  1.47405444e+00  2.12504628e+00
  2.06357807e+00 -5.14689163e-01  1.02352396e-01  9.03276581e-01
  1.05018421e+00  1.90538620e+00  1.53854260e+00  1.79404449e+00
  1.74612378e+00 -2.15662024e-01 -2.09351630e-01  1.48508729e+00
  1.54487930e+00 -1.10904896e-01 -6.51980763e-01 -2.51879988e-01
  8.61300360e-04 -1.28255980e-01 -6.79631950e-01]",0.6300928529508769,1.621741958534448e-14,0.6597991705737839,3.3316723923407207e-16,0.10805962247564511,0.24209044448054975,0.09177993127342775,0.32084154699818845,0.6785437299098843,0.12067332177624279
15,Endo,chr6,"[-0.85169704 -0.4049675  -0.45262877 -0.12680037 -0.65067139 -0.33297867
 -1.47040316 -1.00453953 -1.05075582  0.31786401 -0.254184   -0.59147129
 -0.99429097 -1.46954604 -1.24017257 -0.75255488  0.05456845 -1.24612602
 -1.13462721  0.44353228  1.38678931  1.08393762  1.32924774 -0.04535603
  0.88995522  0.9393244  -1.2657559   0.67512991 -1.30436704 -1.32990039
 -1.21098396  0.07245242 -1.24946486 -1.46642339  0.59621538  1.30289506
 -0.88716225  0.84771095  0.25366399  0.22211011  1.19792483  1.04569629
 -0.93539383 -1.43421014 -0.540741    0.2091221  -0.4733896  -1.45258207
  0.22336063 -1.5592777   0.52744664  1.12610912 -1.14656946 -1.40083755
 -1.47003813 -1.33788617 -1.20206148 -0.52002586  0.37506095  0.82959237
  1.03567043  1.2264983   1.30417061  1.33920494  1.41881332  1.53051971
  1.50507973  1.15458768  1.4106757   1.02054797 -0.30023165  0.43079505
  0.23131492  1.02971526  1.41353771  1.45366605  0.46588306  0.57416938
 -1.27079812 -1.15248413 -1.19616104  0.36510313 -0.95262167 -1.0009044
  1.09880335  1.25153548  0.91748623  1.43618376  1.08260609  1.018466
  0.84293038  1.27489148  0.53159458 -0.94597822  0.38602405  0.68433638
  1.04168634  0.79200841 -0.05719008  0.28784672  1.24436191 -0.38977408
  0.30525868 -0.83495655  0.48322146  1.02352935  0.63758655  0.02507305
  0.83749974  1.32581307  1.41547332  1.47497184  1.41838509  1.47458954]","[-0.52004064 -1.23345114 -1.12518952 -0.54254407 -1.06338268 -1.14969728
 -0.81793568 -1.20710389 -1.4131401  -1.02792761 -1.85613252 -1.6238827
 -1.58182827 -1.28578145 -1.40922021 -1.49257113 -1.37676755 -1.18920885
 -0.98911316 -1.34917207 -0.99506819 -0.95845707 -0.73928083 -0.97807277
 -0.68910093 -1.0459168  -0.74835146 -0.55346605 -0.07991265  0.00186473
  0.15157251 -0.00993705 -0.16695747 -0.03274015  0.69654084  0.39929697
  0.9558087   0.62874333  0.30552065  0.99993588  0.66271381  0.83354315
  1.37166262  0.61968842  1.15850128  1.18601899  1.47301948  0.60901424
  1.07632649  0.68688684  1.27379345  1.20020152  1.2925463   1.11987406
  1.09923662  1.11829162  1.12438846  1.27616947  1.62013213  1.56904804
  1.51764754  1.31497092  1.52427563  1.45673597  1.2093451   1.23946718
  1.10165458  1.03762346  0.67084359  0.75947844 -0.15651765 -0.03297537
  0.08178098  0.15408287  0.18808776  0.21630568 -0.34545603 -0.28905373
 -0.39224175  0.1181697  -0.08119618  0.10100026 -0.33612403 -0.04975309
 -0.55556708 -0.3832609  -0.36769058 -0.42334662 -0.47193108 -0.89318425
 -0.9816993  -1.18184359 -1.04403816 -0.59618273 -1.42389616 -1.46144119
 -1.47375711 -1.30789453 -1.02213501 -1.15012267 -1.09404098 -1.28670636
 -1.52040854 -1.0601607  -1.44852488 -1.07666415 -1.4169925  -1.50637623
 -1.37047815 -1.07004202 -1.0842532  -0.95251254 -1.19261674 -0.76392754]",0.4925436869501596,2.599994993633968e-08,0.6542126311748654,2.951994150441602e-15,-0.11603141494950439,0.21892916755045694,-0.02423039561412034,0.798030946485563,0.680455568082733,0.15785276276023164
16,Endo,chr7,"[ 0.58917185  0.05057012  0.68025876  0.68747747  0.93491163 -1.01632809
  0.75890045  1.17865707  1.02238716  0.69426846  0.40602125 -0.80255205
 -1.33012402 -0.01674352 -0.46993174 -0.91882071 -0.59214464  0.09027041
 -0.18002034  1.41795781  0.01504499 -0.08723712 -0.40693836 -0.665622
 -1.39927437 -1.71829788 -1.69412804 -0.80596848  0.93404934 -1.59214815
  0.92512698  0.42701118  0.08420614  0.81119297  1.37821234  0.62912425
  0.44040292 -0.32435128  0.04748141 -0.94598487 -0.20637967  1.43749013
  1.30976777 -0.28487935 -0.60346391  0.19402709 -0.22126714  0.11687204
 -0.05513076 -1.77614477 -1.40885161  0.15215826 -1.63213734 -1.66519472
 -1.19083032  0.62929288  1.09137567  1.54272953  1.68659479  1.61054243
 -1.26111624 -0.64553426 -1.02566884 -1.64637419  1.70396519  0.67440125
  1.48231306 -0.18506816 -0.43223451 -0.74130025 -0.80105952 -0.1470705
  0.65777146  0.47584932 -0.34955247 -0.68947396 -1.00535803 -1.16841955
  1.42564981  1.23378705  1.70279776  1.66007886  1.24892727  0.11196174
 -0.59212398  1.04214818  1.23085461  1.24202173 -0.52125719 -0.2332644
 -1.02632448 -0.44208386  1.61219531  1.27787593  1.11919946  1.34691121]","[ 0.16452545  0.29378131  0.18982285  0.48616913 -0.43284488  0.37993139
 -0.37097248 -0.72738057 -0.74625872 -0.3102816  -0.57686082 -0.01736151
 -0.13361808 -0.43022903  0.00822795 -0.26052788 -0.45304399 -0.80379374
 -0.42870299 -1.00162071 -1.18425023 -0.94304026 -0.94670853 -0.98312859
 -0.55861584  0.03760409 -0.464779   -1.22087244 -1.25168031 -0.23141648
 -1.36652692 -1.29371199 -1.57284153 -1.33375616 -1.35832397 -1.52242367
 -1.34788864 -1.31534828 -1.27673088 -1.2596602  -1.12864454 -0.92536846
 -1.11023756 -0.74886483 -0.83405641 -0.83892292 -0.8054518  -0.96529521
 -1.04160546 -0.19533257 -0.78361699 -0.89892115 -0.32913284 -0.05356939
 -0.84064108 -0.99008215 -1.28184096 -0.8907172  -0.32269146 -0.61857944
  0.09639798 -0.18352096 -0.02467222  0.04988876  0.08935919  0.44266104
  0.78794479  1.04970378  1.4853767   1.37914833  1.50899726  1.46092868
  1.47317566  1.38593426  1.63136415  1.49100083  1.38023042  1.34083489
  1.23352983  1.2617842   0.92097238  0.8364624   1.26906064  1.61147771
  1.5783721   1.50987338  1.28540505  1.37742137  1.33201356  1.47879879
  1.17928803  1.33175605  0.78681613  1.02802918  0.95165981  0.83452422]",0.5581789114153657,3.4479154716714228e-09,0.6026433641819359,8.229440526175568e-11,-0.06041523733469595,0.5587317493370823,-0.10692222219366136,0.2997954495847484,0.4409763295103682,0.3029806851011864
17,Endo,chr8,"[ 0.40980787  0.41890912 -0.2328008   0.0930842   0.00870551  0.32482782
  0.0800093   0.50213631  0.17440807  0.47594221  0.41325127 -0.17487521
  0.25453327 -0.23165539 -0.05409862 -0.24663648 -0.05693005 -0.27589075
 -0.14355559 -0.35646099 -0.29269904 -0.20701337 -0.6483522  -0.82847351
 -0.83231713 -0.67022516 -0.60413305 -0.85952637 -1.17621949 -0.91346048
 -0.47585555 -1.13564961 -1.2722551  -1.22327358 -1.39519902 -0.86024571
 -0.99182581 -0.61769424 -1.22782119 -1.07020169 -1.01346642 -1.35839836
 -1.39989654 -1.18561615 -1.04715021 -1.46038022 -1.58856848 -1.61748651
 -1.66175367 -1.61190421 -1.47791677 -1.49217736 -1.11745243 -1.29296589
 -0.95137522 -1.21761532 -1.34280281 -1.36197782 -1.10718015 -0.88488376
 -0.76060326 -0.86249507 -0.574257   -0.58321191 -0.61437052  0.02211123
  0.1514195   0.8315077   0.8073174   0.68064159  0.65911691  0.6139419
  1.17131138  0.5389475   0.96042973  0.91190913  0.90887204  1.344822
  1.43285515  1.23260472  0.83682815  0.97763387  1.40920025  1.5562128
  1.52464537  1.03205673  1.12604559  1.48481081  1.42734879  1.44495998
  1.52521616  1.64857201  1.47316644  1.48811203  1.43661955  1.32137911
  1.29943598  0.78479662  0.61125465  0.43826888  0.2991048   0.7838985 ]","[-0.25307899 -1.31774336  0.90879247  0.7844131   1.65386884  1.37040512
  1.2729818  -1.33845194 -1.44643664 -1.40474834 -1.49688924  0.85405571
 -0.25849551 -0.48856848  0.9907685  -0.41267007 -0.15574802 -1.48797081
 -0.57446774  1.477988    1.07847538  0.22676035  0.32414532  1.09646366
  0.67347462  1.18174411 -1.49037693 -0.0143658   0.76544004  0.79287394
 -1.26661314  1.35588441  1.13009245  1.19876882 -0.07569372 -0.65874716
 -1.13855531 -1.58876873 -0.95221994 -1.19982762 -1.4025549   0.84612135
  0.73506807 -0.94713096 -1.25463545  0.63560127  0.34189436  0.49446122
  0.57721461  0.83551807  1.02013428  0.24318494 -1.06097563  0.58498639
 -1.30226732  0.22862738 -0.3136153   0.82248589  0.90188059 -0.78185738
 -0.8480379   0.70628933  1.69797805  1.6982771  -0.26518954  1.57100454
  1.12671932  0.07349323 -0.65119496  1.14867413  0.56672849  1.15513985
 -0.21730899  1.61903022 -1.19612018 -1.44458881 -1.25201766 -0.29012489
  0.05490585  0.93399551  1.66989363  1.52444798  0.97089745  0.55015792
  0.55731041  1.54129841  1.4055845  -0.45577355  0.18574076  0.23989407
  0.31780764  0.17535228 -0.3200297  -0.12294963 -0.72633374 -0.54057269
 -0.43492529  1.67505286  1.62142435  1.77747572  1.33972952  1.29267979]",-0.15480095318766646,0.1202977483227932,0.39360727348137853,4.2632938652912315e-05,0.4525885420682689,1.7896212059750608e-06,0.4879343046960646,1.973577256655987e-07,0.4888379469579455,0.41044337731075503
18,Endo,chr9,"[-0.34104971 -1.12451862 -0.76333014 -0.86275023 -1.17074733 -0.77294565
 -1.24063637 -1.16693394 -1.25818194 -0.98395928 -0.92583136 -1.36975114
 -1.31497715 -1.16445399 -0.97199878 -1.25547461 -0.8682446  -0.92485765
 -1.35972416 -1.16579267 -1.16843789 -0.91606312 -0.88693518 -1.25244438
 -1.08230402 -1.33045973 -1.31218567 -1.00621905 -1.16062448 -1.10181583
 -1.11436958 -0.93159414 -1.13155308 -0.9836846  -0.63171427 -0.96540554
 -0.87856329 -0.99806086 -0.91191553 -0.78610569 -0.75416675 -0.7532933
 -0.41587281 -0.01326202  0.01322617 -0.08299685  0.22331767  0.08908573
  0.37467145  0.32349515  0.68484465  0.68768216  0.80681964  0.53174483
  0.43494036  1.07124854  1.01659457  1.00916825  1.40101053  1.21129032
  1.20907585  1.28046325  0.89811904  1.27206739  1.21789237  1.36322693
  1.2921249   1.1623967   1.28114616  1.28003116  1.30578662  0.93234163
  0.7392732   1.18191896  1.21304491  1.10856041  1.09712645  1.12641577
  1.0745185   1.23295161  1.17544874  1.13677375  1.00028975  1.06133681
  1.24633276  0.95371689  1.27757852  0.80414365  1.0266123   0.94284819
  0.90373895  0.95036544  1.11229308  0.65883223  1.01123446  1.00826057
  0.77889967  0.7351816   0.7526017   0.46621769  0.58388232  0.99370614]","[-1.39778355 -0.39126369 -1.33884149 -1.32403305 -0.8918267  -1.45560243
  0.1519639  -0.00263517  0.23741986 -1.21226279 -1.34999566  0.56842831
 -0.28351542 -0.67604701 -1.2876983  -0.65320295 -1.47010077 -1.37628781
  0.36974284  0.92630118  0.92520691 -1.38138616 -1.37079797  0.35714701
 -1.12998596  0.57175931  0.60228467  1.16629403  0.76975576  0.13179749
  0.86953723  1.25686569 -0.42268462  0.53562244 -1.19156216  0.36456847
 -0.48132557 -0.6524895   0.17133509  0.1175627   1.15590486  1.33777794
  1.55672932  1.6858665   1.65045242  1.54173616  1.64141139  1.63387623
  1.44647076  1.2091067   1.10991423  1.37168999  1.29746697  1.49824831
  1.61301372  0.14640871 -0.37224307 -0.98615875 -0.01195301  0.76658114
 -0.76092196  0.15503387 -1.45673983 -0.87927954 -0.93928122 -0.76158989
 -0.66590529 -1.03235959 -0.69198622  0.03320017 -0.66755614 -1.39028146
 -1.47057329  0.00538716  0.31582868 -1.16956837 -0.26469773  0.64680485
 -1.11126581 -0.05387609 -0.54163367 -0.83229933 -1.25863822 -1.06927146
 -0.67654494  1.12945555 -0.24331039  1.45917354  0.96712076 -1.15206869
  1.21625455  1.14914716  0.5479606  -1.44680375  0.13166689  0.41018454
  1.07944873  0.31201381  0.7696106   1.45049827  0.77473987  0.20967597]",0.17981894175659713,0.07053315568861354,0.2537873351345034,0.01005819243841012,0.4810033787639904,3.101501259374005e-07,0.5584227218083252,1.0704011973590759e-09,0.5689812882368693,0.3955091915909143
19,Endo,chrX,"[-1.19633286 -0.99519075 -0.85023724 -1.38982913 -0.80889137 -1.21614389
 -1.28429712 -1.1034383  -1.16676725 -1.33023017 -1.2167097  -1.28671819
 -1.28799993 -1.33684072 -1.31177384 -1.13684772 -1.41583387 -1.08487682
 -0.86700099 -0.74806103 -0.83170226 -0.34271244 -0.30214174 -0.86514648
 -0.88358185 -0.08617961 -0.48566439 -0.48310659 -0.29145283  0.23915859
  0.35804215  0.44542274  0.69574467  0.34905615  0.43058758  0.44946794
  0.51180723  0.95300353  0.60526078  0.11078389  0.30407512  0.19130659
  0.78935723  0.99299937  1.31102914  1.53577795  1.07352378  1.17830066
  1.04690281  1.15015159  0.82172866  1.30370537  1.39759442  1.41346075
  1.32171883  1.30237419  1.2619061   1.31613861  1.24661781  1.11073632
  1.26789602  0.84469094  1.12265142  0.87497839]","[ 1.1731072   1.35046383  1.24040112  0.10158722  0.54972405  0.1900444
  1.09082985  0.8943103   0.479152    0.15564981 -0.80841015 -0.96077117
  0.96459801  1.04997312  0.32425644 -0.46806328 -0.32699761 -1.03358965
 -1.12600612  1.14478638  1.62280855  1.85745072  1.82960578  1.09390443
 -0.08181468 -0.82028936 -0.53009148 -1.29022022 -1.72200092 -1.70105985
  0.84729008  1.21546907  0.58688546  1.82406786  1.84554882  1.64235861
  1.69576419  1.65706154  0.81617524  1.67696049  0.11432593 -1.28367893
 -0.99902549 -1.29566592 -0.4963476  -0.27121781  0.75527002  0.62314169
  0.61095532 -0.41209736  1.54762618 -0.0244246  -0.44416437 -0.89823617
  0.71824773  0.91120372 -0.74590622 -0.56783038  0.02799366  0.7302076
  0.69721913  1.25231404  0.01838586  1.42001981]",0.21986671162752822,0.08086352835875224,0.1887833399286456,0.135183414271682,0.5363707052535703,4.917458561031194e-06,0.6352637606006909,1.714290972353776e-08,0.7164869855472115,0.15836446395197765
